job_id	image_url
b94e13c9-feba-4b45-a320-a197b2f7d6c5	https://d8j0ntlcm91z4.cloudfront.net/user_3EJ7eXPRDK8j3ZmKXW0B5KfoJTg/hf_20260704_174938_b94e13c9-feba-4b45-a320-a197b2f7d6c5.png
7e9fe2f5-6d04-44b2-89ec-b8dec498542c	https://d8j0ntlcm91z4.cloudfront.net/user_3EJ7eXPRDK8j3ZmKXW0B5KfoJTg/hf_20260704_175026_7e9fe2f5-6d04-44b2-89ec-b8dec498542c.png
efb8231d-5f20-4078-ba9f-b36b29e7d41c	https://d8j0ntlcm91z4.cloudfront.net/user_3EJ7eXPRDK8j3ZmKXW0B5KfoJTg/hf_20260704_175105_efb8231d-5f20-4078-ba9f-b36b29e7d41c.png
944c7cdc-5831-4359-86aa-8e7236aa65ec	https://d8j0ntlcm91z4.cloudfront.net/user_3EJ7eXPRDK8j3ZmKXW0B5KfoJTg/hf_20260704_175108_944c7cdc-5831-4359-86aa-8e7236aa65ec.png
bf5dabb1-547e-4932-b478-548173503245	https://d8j0ntlcm91z4.cloudfront.net/user_3EJ7eXPRDK8j3ZmKXW0B5KfoJTg/hf_20260704_175111_bf5dabb1-547e-4932-b478-548173503245.png
aa861819-51af-494a-b743-8672c8a5df37	https://d8j0ntlcm91z4.cloudfront.net/user_3EJ7eXPRDK8j3ZmKXW0B5KfoJTg/hf_20260704_175152_aa861819-51af-494a-b743-8672c8a5df37.png
0ac6f8d9-5a2d-4624-ab44-5c3573349a0d	https://d8j0ntlcm91z4.cloudfront.net/user_3EJ7eXPRDK8j3ZmKXW0B5KfoJTg/hf_20260704_181043_0ac6f8d9-5a2d-4624-ab44-5c3573349a0d.png
d67aec74-7158-40fc-b0d0-f4d06b36d017	https://d8j0ntlcm91z4.cloudfront.net/user_3EJ7eXPRDK8j3ZmKXW0B5KfoJTg/hf_20260704_181134_d67aec74-7158-40fc-b0d0-f4d06b36d017.png
5f1c69c4-cb2b-4fe2-9b24-9077b7942976	https://d8j0ntlcm91z4.cloudfront.net/user_3EJ7eXPRDK8j3ZmKXW0B5KfoJTg/hf_20260704_181138_5f1c69c4-cb2b-4fe2-9b24-9077b7942976.png
d6a38147-aee3-4363-971a-ce9ec8a0a401	https://d8j0ntlcm91z4.cloudfront.net/user_3EJ7eXPRDK8j3ZmKXW0B5KfoJTg/hf_20260704_181141_d6a38147-aee3-4363-971a-ce9ec8a0a401.png
b0d2505b-6190-463a-be12-901964d16537	https://d8j0ntlcm91z4.cloudfront.net/user_3EJ7eXPRDK8j3ZmKXW0B5KfoJTg/hf_20260704_181146_b0d2505b-6190-463a-be12-901964d16537.png
80deafc9-f9f3-4bbc-9c42-5c96758897ad	https://d8j0ntlcm91z4.cloudfront.net/user_3EJ7eXPRDK8j3ZmKXW0B5KfoJTg/hf_20260704_181149_80deafc9-f9f3-4bbc-9c42-5c96758897ad.png
dafc6804-10a3-4ac6-9a94-a2965773bd90	https://d8j0ntlcm91z4.cloudfront.net/user_3EJ7eXPRDK8j3ZmKXW0B5KfoJTg/hf_20260704_181152_dafc6804-10a3-4ac6-9a94-a2965773bd90.png
3e6cef13-8ab0-4a63-a24f-0aee51b1d078	https://d8j0ntlcm91z4.cloudfront.net/user_3EJ7eXPRDK8j3ZmKXW0B5KfoJTg/hf_20260704_181201_3e6cef13-8ab0-4a63-a24f-0aee51b1d078.png
b5709a01-0e33-420b-ae0a-3f1ea3d4ec25	https://d8j0ntlcm91z4.cloudfront.net/user_3EJ7eXPRDK8j3ZmKXW0B5KfoJTg/hf_20260704_181209_b5709a01-0e33-420b-ae0a-3f1ea3d4ec25.png
fbfd1644-4056-4c8a-8822-3f383c0b5735	https://d8j0ntlcm91z4.cloudfront.net/user_3EJ7eXPRDK8j3ZmKXW0B5KfoJTg/hf_20260704_181217_fbfd1644-4056-4c8a-8822-3f383c0b5735.png
0eb0651a-9b20-42e7-9267-d598e2e7827b	https://d8j0ntlcm91z4.cloudfront.net/user_3EJ7eXPRDK8j3ZmKXW0B5KfoJTg/hf_20260704_181220_0eb0651a-9b20-42e7-9267-d598e2e7827b.png
d766bb49-c1b6-470c-9810-df79a99c582d	https://d8j0ntlcm91z4.cloudfront.net/user_3EJ7eXPRDK8j3ZmKXW0B5KfoJTg/hf_20260704_181235_d766bb49-c1b6-470c-9810-df79a99c582d.png
a640fd25-613b-400a-aaa4-f8817d9c95ff	https://d8j0ntlcm91z4.cloudfront.net/user_3EJ7eXPRDK8j3ZmKXW0B5KfoJTg/hf_20260704_181242_a640fd25-613b-400a-aaa4-f8817d9c95ff.png
63064f69-8498-4e42-98ef-9fadac1deb67	https://d8j0ntlcm91z4.cloudfront.net/user_3EJ7eXPRDK8j3ZmKXW0B5KfoJTg/hf_20260704_181250_63064f69-8498-4e42-98ef-9fadac1deb67.png
dcb54aa3-f619-45ef-b8d1-e8499bebb08f	https://d8j0ntlcm91z4.cloudfront.net/user_3EJ7eXPRDK8j3ZmKXW0B5KfoJTg/hf_20260704_181256_dcb54aa3-f619-45ef-b8d1-e8499bebb08f.png
9db5eedd-61dd-41b4-a775-83df731dd474	https://d8j0ntlcm91z4.cloudfront.net/user_3EJ7eXPRDK8j3ZmKXW0B5KfoJTg/hf_20260704_181259_9db5eedd-61dd-41b4-a775-83df731dd474.png
80ad2335-f7ea-4752-b89c-4b0ed1fd8468	https://d8j0ntlcm91z4.cloudfront.net/user_3EJ7eXPRDK8j3ZmKXW0B5KfoJTg/hf_20260704_181301_80ad2335-f7ea-4752-b89c-4b0ed1fd8468.png
c6f7efe6-3a85-409e-ad2c-f159270ca038	https://d8j0ntlcm91z4.cloudfront.net/user_3EJ7eXPRDK8j3ZmKXW0B5KfoJTg/hf_20260704_181305_c6f7efe6-3a85-409e-ad2c-f159270ca038.png
28733b90-e83e-4509-9e51-b1162241aedb	https://d8j0ntlcm91z4.cloudfront.net/user_3EJ7eXPRDK8j3ZmKXW0B5KfoJTg/hf_20260704_181307_28733b90-e83e-4509-9e51-b1162241aedb.png
b9472eff-931b-402f-937b-049d2aac7f16	https://d8j0ntlcm91z4.cloudfront.net/user_3EJ7eXPRDK8j3ZmKXW0B5KfoJTg/hf_20260704_181309_b9472eff-931b-402f-937b-049d2aac7f16.png
b99f4518-33e4-4fbd-9ffa-9b307b1d6f34	https://d8j0ntlcm91z4.cloudfront.net/user_3EJ7eXPRDK8j3ZmKXW0B5KfoJTg/hf_20260704_181349_b99f4518-33e4-4fbd-9ffa-9b307b1d6f34.png
27cb6e5c-7588-43da-8734-ea8be52d7936	https://d8j0ntlcm91z4.cloudfront.net/user_3EJ7eXPRDK8j3ZmKXW0B5KfoJTg/hf_20260704_181352_27cb6e5c-7588-43da-8734-ea8be52d7936.png
ed4ce2a8-c857-4d1e-8db3-ef9c83a08c74	https://d8j0ntlcm91z4.cloudfront.net/user_3EJ7eXPRDK8j3ZmKXW0B5KfoJTg/hf_20260704_181359_ed4ce2a8-c857-4d1e-8db3-ef9c83a08c74.png
6f3373ab-b2dd-46e1-954c-da70cfc3fca3	https://d8j0ntlcm91z4.cloudfront.net/user_3EJ7eXPRDK8j3ZmKXW0B5KfoJTg/hf_20260704_181403_6f3373ab-b2dd-46e1-954c-da70cfc3fca3.png
f56b9768-4951-4ac1-9556-072d5e04b92b	https://d8j0ntlcm91z4.cloudfront.net/user_3EJ7eXPRDK8j3ZmKXW0B5KfoJTg/hf_20260704_181412_f56b9768-4951-4ac1-9556-072d5e04b92b.png
800a9705-c40f-4408-b248-afe42976415d	https://d8j0ntlcm91z4.cloudfront.net/user_3EJ7eXPRDK8j3ZmKXW0B5KfoJTg/hf_20260704_181416_800a9705-c40f-4408-b248-afe42976415d.png
c8efd7ed-8295-43d4-bd74-98fe40c90f4c	https://d8j0ntlcm91z4.cloudfront.net/user_3EJ7eXPRDK8j3ZmKXW0B5KfoJTg/hf_20260704_181426_c8efd7ed-8295-43d4-bd74-98fe40c90f4c.png
46ca940f-b9d2-4b42-8d69-3ee41bc78c5c	https://d8j0ntlcm91z4.cloudfront.net/user_3EJ7eXPRDK8j3ZmKXW0B5KfoJTg/hf_20260704_181431_46ca940f-b9d2-4b42-8d69-3ee41bc78c5c.png
b385ab7c-c960-4ae6-a8c6-23e86b3b8b1f	https://d8j0ntlcm91z4.cloudfront.net/user_3EJ7eXPRDK8j3ZmKXW0B5KfoJTg/hf_20260704_181438_b385ab7c-c960-4ae6-a8c6-23e86b3b8b1f.png
fbea77f5-2077-4299-b1cf-4480435d750d	https://d8j0ntlcm91z4.cloudfront.net/user_3EJ7eXPRDK8j3ZmKXW0B5KfoJTg/hf_20260704_181514_fbea77f5-2077-4299-b1cf-4480435d750d.png
e0e2ff74-9f9f-4076-a9da-efde9fc2001f	https://d8j0ntlcm91z4.cloudfront.net/user_3EJ7eXPRDK8j3ZmKXW0B5KfoJTg/hf_20260704_181706_e0e2ff74-9f9f-4076-a9da-efde9fc2001f.png
8c93a7f3-397c-44c1-9eb2-2cd8d3f48317	https://d8j0ntlcm91z4.cloudfront.net/user_3EJ7eXPRDK8j3ZmKXW0B5KfoJTg/hf_20260704_181727_8c93a7f3-397c-44c1-9eb2-2cd8d3f48317.png
017e0774-b9ff-4670-823a-0fbba063b6ab	https://d8j0ntlcm91z4.cloudfront.net/user_3EJ7eXPRDK8j3ZmKXW0B5KfoJTg/hf_20260704_182017_017e0774-b9ff-4670-823a-0fbba063b6ab.png
f34eb3c8-6d05-4dc2-b771-df6159e46329	https://d8j0ntlcm91z4.cloudfront.net/user_3EJ7eXPRDK8j3ZmKXW0B5KfoJTg/hf_20260704_182020_f34eb3c8-6d05-4dc2-b771-df6159e46329.png
7b131f1c-81d2-4179-9105-6de2167e37a1	https://d8j0ntlcm91z4.cloudfront.net/user_3EJ7eXPRDK8j3ZmKXW0B5KfoJTg/hf_20260704_182105_7b131f1c-81d2-4179-9105-6de2167e37a1.png
31ffbfdf-8e27-4a04-b3c0-0c707bf1d1d6	https://d8j0ntlcm91z4.cloudfront.net/user_3EJ7eXPRDK8j3ZmKXW0B5KfoJTg/hf_20260704_182114_31ffbfdf-8e27-4a04-b3c0-0c707bf1d1d6.png
ce16d6a5-9bbc-4064-9c29-36fadbed4302	https://d8j0ntlcm91z4.cloudfront.net/user_3EJ7eXPRDK8j3ZmKXW0B5KfoJTg/hf_20260704_182120_ce16d6a5-9bbc-4064-9c29-36fadbed4302.png
e756578b-3e49-42c7-9f21-693b54bb34a8	https://d8j0ntlcm91z4.cloudfront.net/user_3EJ7eXPRDK8j3ZmKXW0B5KfoJTg/hf_20260704_182159_e756578b-3e49-42c7-9f21-693b54bb34a8.png
c8b0491d-d85a-46bc-bd9f-91ff74fc8217	https://d8j0ntlcm91z4.cloudfront.net/user_3EJ7eXPRDK8j3ZmKXW0B5KfoJTg/hf_20260704_182206_c8b0491d-d85a-46bc-bd9f-91ff74fc8217.png
744866f3-3f1e-4db9-bad7-4e45fe161225	https://d8j0ntlcm91z4.cloudfront.net/user_3EJ7eXPRDK8j3ZmKXW0B5KfoJTg/hf_20260704_182212_744866f3-3f1e-4db9-bad7-4e45fe161225.png
2c9611a5-0ccb-43fb-838a-94d1a984bcdf	https://d8j0ntlcm91z4.cloudfront.net/user_3EJ7eXPRDK8j3ZmKXW0B5KfoJTg/hf_20260704_182241_2c9611a5-0ccb-43fb-838a-94d1a984bcdf.png
bb2af7cc-36d6-49ac-a9b3-f9e584f53374	https://d8j0ntlcm91z4.cloudfront.net/user_3EJ7eXPRDK8j3ZmKXW0B5KfoJTg/hf_20260704_182302_bb2af7cc-36d6-49ac-a9b3-f9e584f53374.png
9fec03e1-0868-4ec5-a3d2-a4b741ff88f2	https://d8j0ntlcm91z4.cloudfront.net/user_3EJ7eXPRDK8j3ZmKXW0B5KfoJTg/hf_20260704_182338_9fec03e1-0868-4ec5-a3d2-a4b741ff88f2.png
0e644a23-6ab1-4251-85e0-feb37503678a	https://d8j0ntlcm91z4.cloudfront.net/user_3EJ7eXPRDK8j3ZmKXW0B5KfoJTg/hf_20260704_182343_0e644a23-6ab1-4251-85e0-feb37503678a.png
12f9c266-fc0a-45a4-8356-8512825d5fe1	https://d8j0ntlcm91z4.cloudfront.net/user_3EJ7eXPRDK8j3ZmKXW0B5KfoJTg/hf_20260704_182402_12f9c266-fc0a-45a4-8356-8512825d5fe1.png
50e373e4-9aa5-42dd-8bc5-1c195b9f2199	https://d8j0ntlcm91z4.cloudfront.net/user_3EJ7eXPRDK8j3ZmKXW0B5KfoJTg/hf_20260704_182407_50e373e4-9aa5-42dd-8bc5-1c195b9f2199.png
31c22f35-5a26-4c0c-a6d7-8fe12beb3210	https://d8j0ntlcm91z4.cloudfront.net/user_3EJ7eXPRDK8j3ZmKXW0B5KfoJTg/hf_20260704_182413_31c22f35-5a26-4c0c-a6d7-8fe12beb3210.png
dec79d42-74f6-4258-9e2b-f0b2cf6b8ca0	https://d8j0ntlcm91z4.cloudfront.net/user_3EJ7eXPRDK8j3ZmKXW0B5KfoJTg/hf_20260704_182441_dec79d42-74f6-4258-9e2b-f0b2cf6b8ca0.png
b6b59708-11b4-4671-9946-38806815f088	https://d8j0ntlcm91z4.cloudfront.net/user_3EJ7eXPRDK8j3ZmKXW0B5KfoJTg/hf_20260704_182447_b6b59708-11b4-4671-9946-38806815f088.png
738f5ed7-63b0-4ba6-9537-e818352264de	https://d8j0ntlcm91z4.cloudfront.net/user_3EJ7eXPRDK8j3ZmKXW0B5KfoJTg/hf_20260704_182518_738f5ed7-63b0-4ba6-9537-e818352264de.png
2f45a264-ad6b-4505-bb5d-55505fe29943	https://d8j0ntlcm91z4.cloudfront.net/user_3EJ7eXPRDK8j3ZmKXW0B5KfoJTg/hf_20260704_182541_2f45a264-ad6b-4505-bb5d-55505fe29943.png
49bcecdc-1d5d-4747-a249-71d1733b0ff2	https://d8j0ntlcm91z4.cloudfront.net/user_3EJ7eXPRDK8j3ZmKXW0B5KfoJTg/hf_20260704_182702_49bcecdc-1d5d-4747-a249-71d1733b0ff2.png
5670069a-5dd0-4c6a-b55c-1c0fc40f149e	https://d8j0ntlcm91z4.cloudfront.net/user_3EJ7eXPRDK8j3ZmKXW0B5KfoJTg/hf_20260704_182715_5670069a-5dd0-4c6a-b55c-1c0fc40f149e.png
cb726764-ac11-486f-92c9-d91de027a7e5	https://d8j0ntlcm91z4.cloudfront.net/user_3EJ7eXPRDK8j3ZmKXW0B5KfoJTg/hf_20260704_182725_cb726764-ac11-486f-92c9-d91de027a7e5.png
2e4849d6-a83d-457d-94be-ad437e9e097a	https://d8j0ntlcm91z4.cloudfront.net/user_3EJ7eXPRDK8j3ZmKXW0B5KfoJTg/hf_20260704_182730_2e4849d6-a83d-457d-94be-ad437e9e097a.png
86181df1-ecd6-4cdb-8983-1cfbef4c7bc5	https://d8j0ntlcm91z4.cloudfront.net/user_3EJ7eXPRDK8j3ZmKXW0B5KfoJTg/hf_20260704_182739_86181df1-ecd6-4cdb-8983-1cfbef4c7bc5.png
9f94ee8a-6e4b-4e23-8294-9917a62d401b	https://d8j0ntlcm91z4.cloudfront.net/user_3EJ7eXPRDK8j3ZmKXW0B5KfoJTg/hf_20260704_182751_9f94ee8a-6e4b-4e23-8294-9917a62d401b.png
3dfb7f60-5987-44cf-80d2-905e01af1d77	https://d8j0ntlcm91z4.cloudfront.net/user_3EJ7eXPRDK8j3ZmKXW0B5KfoJTg/hf_20260704_182820_3dfb7f60-5987-44cf-80d2-905e01af1d77.png
deb5b4ab-06b8-4e53-9370-db19c93effa4	https://d8j0ntlcm91z4.cloudfront.net/user_3EJ7eXPRDK8j3ZmKXW0B5KfoJTg/hf_20260704_182851_deb5b4ab-06b8-4e53-9370-db19c93effa4.png
9aae5707-e2b9-4ee2-904e-5c5126f4d253	https://d8j0ntlcm91z4.cloudfront.net/user_3EJ7eXPRDK8j3ZmKXW0B5KfoJTg/hf_20260704_183002_9aae5707-e2b9-4ee2-904e-5c5126f4d253.png
45150161-c601-42c8-91ef-5d45a36f3a8a	https://d8j0ntlcm91z4.cloudfront.net/user_3EJ7eXPRDK8j3ZmKXW0B5KfoJTg/hf_20260704_183057_45150161-c601-42c8-91ef-5d45a36f3a8a.png
35d729a9-1aed-4690-8515-8c25d4f0c44b	https://d8j0ntlcm91z4.cloudfront.net/user_3EJ7eXPRDK8j3ZmKXW0B5KfoJTg/hf_20260704_183225_35d729a9-1aed-4690-8515-8c25d4f0c44b.png
6d900ae9-b873-4746-b6f7-383cffdfc3ac	https://d8j0ntlcm91z4.cloudfront.net/user_3EJ7eXPRDK8j3ZmKXW0B5KfoJTg/hf_20260704_183231_6d900ae9-b873-4746-b6f7-383cffdfc3ac.png
88fe0f12-0178-48e5-aae0-770b197516fd	https://d8j0ntlcm91z4.cloudfront.net/user_3EJ7eXPRDK8j3ZmKXW0B5KfoJTg/hf_20260704_183358_88fe0f12-0178-48e5-aae0-770b197516fd.png
9a93c511-2e17-45d3-9d56-7ea5fc03c138	https://d8j0ntlcm91z4.cloudfront.net/user_3EJ7eXPRDK8j3ZmKXW0B5KfoJTg/hf_20260704_183402_9a93c511-2e17-45d3-9d56-7ea5fc03c138.png
66ddfc70-b55a-4ebe-9f48-6966a8167dc2	https://d8j0ntlcm91z4.cloudfront.net/user_3EJ7eXPRDK8j3ZmKXW0B5KfoJTg/hf_20260704_183405_66ddfc70-b55a-4ebe-9f48-6966a8167dc2.png
d5426416-968e-4a58-b267-1e5da84f6603	https://d8j0ntlcm91z4.cloudfront.net/user_3EJ7eXPRDK8j3ZmKXW0B5KfoJTg/hf_20260704_183407_d5426416-968e-4a58-b267-1e5da84f6603.png
b4986dd8-1f62-4cb8-91d5-491fcce8ec01	https://d8j0ntlcm91z4.cloudfront.net/user_3EJ7eXPRDK8j3ZmKXW0B5KfoJTg/hf_20260704_183409_b4986dd8-1f62-4cb8-91d5-491fcce8ec01.png
98427f41-3aaa-4429-82f6-3ec042af86c5	https://d8j0ntlcm91z4.cloudfront.net/user_3EJ7eXPRDK8j3ZmKXW0B5KfoJTg/hf_20260704_183412_98427f41-3aaa-4429-82f6-3ec042af86c5.png
91526485-765b-41e3-bfd3-2ef7f4eda40b	https://d8j0ntlcm91z4.cloudfront.net/user_3EJ7eXPRDK8j3ZmKXW0B5KfoJTg/hf_20260704_183415_91526485-765b-41e3-bfd3-2ef7f4eda40b.png
cef6325b-3fff-4e9b-9676-ec673e92ef68	https://d8j0ntlcm91z4.cloudfront.net/user_3EJ7eXPRDK8j3ZmKXW0B5KfoJTg/hf_20260704_183448_cef6325b-3fff-4e9b-9676-ec673e92ef68.png
ff6e4f85-f033-4692-b495-95b421369ab1	https://d8j0ntlcm91z4.cloudfront.net/user_3EJ7eXPRDK8j3ZmKXW0B5KfoJTg/hf_20260704_183520_ff6e4f85-f033-4692-b495-95b421369ab1.png
9b842be7-3d66-41db-bdab-6bccda8ab02d	https://d8j0ntlcm91z4.cloudfront.net/user_3EJ7eXPRDK8j3ZmKXW0B5KfoJTg/hf_20260704_183524_9b842be7-3d66-41db-bdab-6bccda8ab02d.png
6fd17f08-ae41-430e-96ae-40e0640c120a	https://d8j0ntlcm91z4.cloudfront.net/user_3EJ7eXPRDK8j3ZmKXW0B5KfoJTg/hf_20260704_183534_6fd17f08-ae41-430e-96ae-40e0640c120a.png
92271758-0e90-4639-9d3f-64cdbdf0c50b	https://d8j0ntlcm91z4.cloudfront.net/user_3EJ7eXPRDK8j3ZmKXW0B5KfoJTg/hf_20260704_183612_92271758-0e90-4639-9d3f-64cdbdf0c50b.png
8ac8f440-2f9a-4e00-8815-baf1982975f4	https://d8j0ntlcm91z4.cloudfront.net/user_3EJ7eXPRDK8j3ZmKXW0B5KfoJTg/hf_20260704_183919_8ac8f440-2f9a-4e00-8815-baf1982975f4.png
fdeb16b6-263d-453d-ad87-ae2c569af5ea	https://d8j0ntlcm91z4.cloudfront.net/user_3EJ7eXPRDK8j3ZmKXW0B5KfoJTg/hf_20260704_183922_fdeb16b6-263d-453d-ad87-ae2c569af5ea.png
dfab6976-276d-44cd-b8bf-5971d196b481	https://d8j0ntlcm91z4.cloudfront.net/user_3EJ7eXPRDK8j3ZmKXW0B5KfoJTg/hf_20260704_183932_dfab6976-276d-44cd-b8bf-5971d196b481.png
97bc6c1c-280a-42b0-828e-74ced6d5ac48	https://d8j0ntlcm91z4.cloudfront.net/user_3EJ7eXPRDK8j3ZmKXW0B5KfoJTg/hf_20260704_184051_97bc6c1c-280a-42b0-828e-74ced6d5ac48.png
dc048fe4-c232-461a-a050-fe2fa894e697	https://d8j0ntlcm91z4.cloudfront.net/user_3EJ7eXPRDK8j3ZmKXW0B5KfoJTg/hf_20260704_184054_dc048fe4-c232-461a-a050-fe2fa894e697.png
68042b9a-7a67-48ff-9f9c-0db760540fce	https://d8j0ntlcm91z4.cloudfront.net/user_3EJ7eXPRDK8j3ZmKXW0B5KfoJTg/hf_20260704_184316_68042b9a-7a67-48ff-9f9c-0db760540fce.png
e017d42a-4730-4795-89c2-308ff9035a38	https://d8j0ntlcm91z4.cloudfront.net/user_3EJ7eXPRDK8j3ZmKXW0B5KfoJTg/hf_20260704_184445_e017d42a-4730-4795-89c2-308ff9035a38.png
60361a3d-143e-4fc4-b5fe-04b6fb2211d7	https://d8j0ntlcm91z4.cloudfront.net/user_3EJ7eXPRDK8j3ZmKXW0B5KfoJTg/hf_20260704_184451_60361a3d-143e-4fc4-b5fe-04b6fb2211d7.png
6c255b9c-0809-4dfb-8c9e-77c4820591d3	https://d8j0ntlcm91z4.cloudfront.net/user_3EJ7eXPRDK8j3ZmKXW0B5KfoJTg/hf_20260704_184550_6c255b9c-0809-4dfb-8c9e-77c4820591d3.png
7fff2b95-5d2d-4c87-aa91-8c91a26ac98a	https://d8j0ntlcm91z4.cloudfront.net/user_3EJ7eXPRDK8j3ZmKXW0B5KfoJTg/hf_20260704_184609_7fff2b95-5d2d-4c87-aa91-8c91a26ac98a.png
2b14e3a5-9f68-49d8-a774-bec94154694a	https://d8j0ntlcm91z4.cloudfront.net/user_3EJ7eXPRDK8j3ZmKXW0B5KfoJTg/hf_20260704_184611_2b14e3a5-9f68-49d8-a774-bec94154694a.png
ff8172bd-1183-45f0-9dcb-295c42429acb	https://d8j0ntlcm91z4.cloudfront.net/user_3EJ7eXPRDK8j3ZmKXW0B5KfoJTg/hf_20260704_184615_ff8172bd-1183-45f0-9dcb-295c42429acb.png
eeb32206-00bb-4abb-8bc6-b5caddb99e03	https://d8j0ntlcm91z4.cloudfront.net/user_3EJ7eXPRDK8j3ZmKXW0B5KfoJTg/hf_20260704_184620_eeb32206-00bb-4abb-8bc6-b5caddb99e03.png
f2735c2e-7b8f-4723-a56e-1c818c7eae5b	https://d8j0ntlcm91z4.cloudfront.net/user_3EJ7eXPRDK8j3ZmKXW0B5KfoJTg/hf_20260704_184648_f2735c2e-7b8f-4723-a56e-1c818c7eae5b.png
89163feb-1d2c-4163-8fd1-aa1c2551086a	https://d8j0ntlcm91z4.cloudfront.net/user_3EJ7eXPRDK8j3ZmKXW0B5KfoJTg/hf_20260704_184737_89163feb-1d2c-4163-8fd1-aa1c2551086a.png
44441010-66bb-43ce-a3cc-26b79eb122dc	https://d8j0ntlcm91z4.cloudfront.net/user_3EJ7eXPRDK8j3ZmKXW0B5KfoJTg/hf_20260704_184741_44441010-66bb-43ce-a3cc-26b79eb122dc.png
f78961b6-9305-4ba5-a8a6-378ce22a27d7	https://d8j0ntlcm91z4.cloudfront.net/user_3EJ7eXPRDK8j3ZmKXW0B5KfoJTg/hf_20260704_184956_f78961b6-9305-4ba5-a8a6-378ce22a27d7.png
b817c9b5-08d5-4cc6-b4f8-8501ecb38ea3	https://d8j0ntlcm91z4.cloudfront.net/user_3EJ7eXPRDK8j3ZmKXW0B5KfoJTg/hf_20260704_185009_b817c9b5-08d5-4cc6-b4f8-8501ecb38ea3.png
436ee544-6f9d-4c64-8883-963834b0bde7	https://d8j0ntlcm91z4.cloudfront.net/user_3EJ7eXPRDK8j3ZmKXW0B5KfoJTg/hf_20260704_185035_436ee544-6f9d-4c64-8883-963834b0bde7.png
2d6614e9-8752-4228-8c6d-37fa58114b34	https://d8j0ntlcm91z4.cloudfront.net/user_3EJ7eXPRDK8j3ZmKXW0B5KfoJTg/hf_20260704_190312_2d6614e9-8752-4228-8c6d-37fa58114b34.png
cea5d96d-1d9c-4f64-aa81-59f2c405e6d5	https://d8j0ntlcm91z4.cloudfront.net/user_3EJ7eXPRDK8j3ZmKXW0B5KfoJTg/hf_20260704_190316_cea5d96d-1d9c-4f64-aa81-59f2c405e6d5.png
9b83ea27-df16-4329-b79e-0983d555d238	https://d8j0ntlcm91z4.cloudfront.net/user_3EJ7eXPRDK8j3ZmKXW0B5KfoJTg/hf_20260704_190335_9b83ea27-df16-4329-b79e-0983d555d238.png
5bc275a7-187d-4da4-a365-41b2b8668dfa	https://d8j0ntlcm91z4.cloudfront.net/user_3EJ7eXPRDK8j3ZmKXW0B5KfoJTg/hf_20260704_190339_5bc275a7-187d-4da4-a365-41b2b8668dfa.png
5fc1d8c5-7e54-439d-81b1-fa98b66ff837	https://d8j0ntlcm91z4.cloudfront.net/user_3EJ7eXPRDK8j3ZmKXW0B5KfoJTg/hf_20260704_190342_5fc1d8c5-7e54-439d-81b1-fa98b66ff837.png
a5467ee0-a2d6-4b28-95d0-17aaf14dac8b	https://d8j0ntlcm91z4.cloudfront.net/user_3EJ7eXPRDK8j3ZmKXW0B5KfoJTg/hf_20260704_190416_a5467ee0-a2d6-4b28-95d0-17aaf14dac8b.png
358f3ab3-ae1d-49da-a770-b90acf6cf2e8	https://d8j0ntlcm91z4.cloudfront.net/user_3EJ7eXPRDK8j3ZmKXW0B5KfoJTg/hf_20260704_190436_358f3ab3-ae1d-49da-a770-b90acf6cf2e8.png
89a5fb58-5540-4dbb-81eb-41bdb5aa44fa	https://d8j0ntlcm91z4.cloudfront.net/user_3EJ7eXPRDK8j3ZmKXW0B5KfoJTg/hf_20260704_190546_89a5fb58-5540-4dbb-81eb-41bdb5aa44fa.png
38099fbb-a7d8-4c55-ab60-49d95b33611f	https://d8j0ntlcm91z4.cloudfront.net/user_3EJ7eXPRDK8j3ZmKXW0B5KfoJTg/hf_20260704_190549_38099fbb-a7d8-4c55-ab60-49d95b33611f.png
93c36a39-fcda-4405-844f-2cfc884e8ba8	https://d8j0ntlcm91z4.cloudfront.net/user_3EJ7eXPRDK8j3ZmKXW0B5KfoJTg/hf_20260704_190655_93c36a39-fcda-4405-844f-2cfc884e8ba8.png
51f6a5dd-e35d-4b2e-b402-63c044b2cdc6	https://d8j0ntlcm91z4.cloudfront.net/user_3EJ7eXPRDK8j3ZmKXW0B5KfoJTg/hf_20260704_190657_51f6a5dd-e35d-4b2e-b402-63c044b2cdc6.png
3f5808bd-a646-4e57-8308-9d0a65295e1e	https://d8j0ntlcm91z4.cloudfront.net/user_3EJ7eXPRDK8j3ZmKXW0B5KfoJTg/hf_20260704_190702_3f5808bd-a646-4e57-8308-9d0a65295e1e.png
6c35ca91-1eeb-4a1e-82ed-64d18ba5f9f7	https://d8j0ntlcm91z4.cloudfront.net/user_3EJ7eXPRDK8j3ZmKXW0B5KfoJTg/hf_20260704_190720_6c35ca91-1eeb-4a1e-82ed-64d18ba5f9f7.png
6b03cdc3-f960-4c9c-9145-797cbcfe8fa6	https://d8j0ntlcm91z4.cloudfront.net/user_3EJ7eXPRDK8j3ZmKXW0B5KfoJTg/hf_20260704_191156_6b03cdc3-f960-4c9c-9145-797cbcfe8fa6.png
86482b7b-de6a-42fb-b6cc-07e721076a1a	https://d8j0ntlcm91z4.cloudfront.net/user_3EJ7eXPRDK8j3ZmKXW0B5KfoJTg/hf_20260704_191405_86482b7b-de6a-42fb-b6cc-07e721076a1a.png
fa758d44-eee4-4a87-9cdb-6cd3e9f081bc	https://d8j0ntlcm91z4.cloudfront.net/user_3EJ7eXPRDK8j3ZmKXW0B5KfoJTg/hf_20260704_191410_fa758d44-eee4-4a87-9cdb-6cd3e9f081bc.png
5d91512b-ba8e-4917-8117-e16982d4dd46	https://d8j0ntlcm91z4.cloudfront.net/user_3EJ7eXPRDK8j3ZmKXW0B5KfoJTg/hf_20260704_191413_5d91512b-ba8e-4917-8117-e16982d4dd46.png
38177b6b-3472-439b-a9cc-a8b83e4a9568	https://d8j0ntlcm91z4.cloudfront.net/user_3EJ7eXPRDK8j3ZmKXW0B5KfoJTg/hf_20260704_191535_38177b6b-3472-439b-a9cc-a8b83e4a9568.png
f1ae915e-6ab2-4a41-811a-7e59882a28a3	https://d8j0ntlcm91z4.cloudfront.net/user_3EJ7eXPRDK8j3ZmKXW0B5KfoJTg/hf_20260704_191537_f1ae915e-6ab2-4a41-811a-7e59882a28a3.png
