index	start	end	job_id
1	00:00	00:03	94562214-4d9a-4161-919d-96012e967618
2	00:03	00:05	f5ce18c4-4ef7-4a30-9fff-b45102e1b5aa
3	00:05	00:08	fdbfedcf-0138-4874-baf3-8fb58bd3199e
4	00:08	00:11	3407fa58-d7cd-4f92-80b9-33c0a67e3338
5	00:11	00:13	ea08b005-9496-46fc-98e2-bc4976ae65a7
6	00:13	00:16	290abc52-6866-498c-a464-0699df625916
7	00:16	00:21	8a47619f-a42b-4a77-afb9-6ba90b8fb79f
8	00:21	00:26	79108041-a34e-47c1-b68f-4f8499f8c16a
9	00:27	00:32	9d292096-352e-4cf2-9960-c8a621dd7093
10	00:32	00:36	6c5654ea-9f0a-4b4a-a476-2d5a90f126d2
11	00:36	00:42	a7cf80b8-a6e0-43aa-8094-a72220618681
12	00:42	00:47	8c4e6a76-2678-4f20-9860-597b8fb0f2ea
13	00:47	00:55	176a81bd-b24e-4bf1-8fe0-7d4f562b1df8
14	00:55	01:01	ec751c0d-afa3-4c14-8991-d5eb9548868b
15	01:01	01:07	a699aa86-7a4b-4fa3-82b6-abc1f06687a3
16	01:07	01:12	28a40c98-dae4-482c-9aad-8ece0126c39a
17	01:12	01:19	3ab411ee-1fab-4d5c-8f7e-6a192b445730
18	01:20	01:29	24970cb2-f4c9-4bad-8de0-71f827c1b73d
19	01:29	01:38	24ee2d50-0a5d-48c1-a5bf-b92edf72ee6c
20	01:38	01:44	2327b57d-58ce-4a2e-9da7-14c5d008ced5
21	01:44	01:51	1aa7304b-2d75-4df6-99e8-2340b37c74e1
22	01:51	01:56	916c444c-03bd-4e39-8c1b-efcb15f85886
23	01:56	02:02	e595029d-4915-4cc8-a310-9c1189214b4e
24	02:02	02:09	456d9143-1f13-4266-aac8-70f3741204df
25	02:09	02:14	e5a45c67-ab78-431c-bc59-4e4ed98a34d7
26	02:14	02:22	add053bf-1881-440c-aef4-ae44a5b7205e
27	02:22	02:29	ebbd334e-f33e-42fc-96f5-5040e7ac0afb
28	02:29	02:34	17cd5990-2514-42dc-a8f4-1f0c28631581
29	02:35	02:38	d540aca9-75e9-4e19-928d-5643c49596c1
30	02:38	02:46	3121e349-6369-4d3e-ba17-6ab27b2052b8
31	02:46	02:51	76a06ce1-3669-4a9e-a31c-37643120a136
32	02:51	02:58	a54419fc-e24a-4bd5-b24f-2738641d8073
33	02:58	03:03	6518db03-1d7d-4df3-85f3-22180f9b12b0
34	03:03	03:09	57a06175-c922-4685-8713-96f78c0d0310
35	03:09	03:16	11a60799-8b63-4088-91da-505added17c9
36	03:16	03:22	9127fd5f-a5f4-4122-8eb2-b73b839cbf98
37	03:22	03:28	02f7142a-74ca-409c-b76d-f38bc6ef6b12
38	03:28	03:34	9e087100-657d-4824-88e6-2996be321799
39	03:34	03:39	709a8ce4-759b-43f3-9055-28e9ac7b14f0
40	03:39	03:46	aa27611b-589f-4a0c-8b20-aa55778ca9c6
41	03:46	03:52	8360ec4c-20c9-4206-ab52-0963f89b2e2f
42	03:52	03:58	fa45c818-dac0-415d-8341-b135701f5c52
43	03:58	04:03	b7ce5010-d55e-4acb-85c3-472a57da422f
44	04:03	04:09	c9fff844-4b4a-430b-b367-05a4de6da9ad
45	04:09	04:17	f72e514c-c8b2-4cc4-9bf6-ea7d3055607c
46	04:17	04:26	97d4a10d-4dfa-4183-a38d-1d668d1004a1
47	04:26	04:36	30b44e96-009a-48fb-a459-446d803ca1e4
48	04:36	04:43	dfd51ba7-b924-4129-8fbb-d55050443e42
49	04:44	04:51	b0c44e7f-6798-416f-bb07-898f834b1164
50	04:51	04:57	e98c7a4a-32c0-4fe2-b09c-91aa2553eed7
51	04:57	05:04	04a34092-452c-41a9-885a-59ebac13dfc7
52	05:04	05:10	6896ef74-52fb-4f54-a398-5149eadaf3e5
53	05:10	05:15	a273738d-9cbb-4749-93f6-20715bb15476
54	05:15	05:20	b842f2cc-9623-4f9e-8ae3-3de990473f28
55	05:20	05:28	fabe7913-a8e4-4011-b6de-10cf3c39236a
56	05:28	05:33	b46e09a2-033b-45c3-be8a-e3ab45ff286d
57	05:34	05:40	a76c5533-e313-46af-99f0-273f8e28c707
58	05:40	05:47	bab0d754-479d-4018-95b9-59960b7fc89e
59	05:47	05:52	ee791e2a-2529-4914-9122-7d6f4b73817e
60	05:52	05:58	665ddffb-37e8-4d32-b7b4-bcbdefa63a39
61	05:58	06:22	ade1448e-7dcf-40d4-a4a8-318e1f0db6f9
62	06:22	06:43	1cb6ef10-7cd5-4de1-b044-c1f42499cf21
63	06:43	07:10	bd8744ba-c495-4b40-bb87-26fe56e6562e
64	07:11	07:16	a2bb3d2f-b8e9-449c-919b-6969e23a3c32
65	07:16	07:41	49c6bd98-b58f-4023-8f6f-9ce185f2bea5
66	07:41	08:10	da354762-e45c-4429-b9b0-32b4bf26cf73
67	08:10	08:16	8020b6ae-de58-4445-8e37-4e7eaa111bba
68	08:16	08:22	f49c0fbd-991c-498b-8479-fe7b1a13bca3
69	08:22	08:30	94bf9257-cdb3-471f-9dd1-79951c343829
70	08:30	08:36	1ba6c80e-87b9-4d87-89db-671b497fdd10
71	08:36	08:42	77dc1859-1295-4ed0-8ebd-695f2585c740
72	08:42	08:48	91ed9f27-b09b-44e5-99a7-a430668cdd0d
73	08:48	08:55	e61caedc-4b1b-4dd2-b1e2-3f7ddf464129
74	08:55	09:02	90316504-66f9-4716-8cf2-34e9ceb382c9
75	09:02	09:07	ef7f6854-0950-40cc-b431-37be8c45d1c4
76	09:07	09:13	e4b3336f-fe47-490a-89c2-223f8c1c4a9e
77	09:13	09:19	f05e2963-bea7-411d-a3ad-6bede04e0792
78	09:19	09:25	2c29c1f4-6a51-4545-bdd3-4d1422deac41
79	09:25	09:31	7017f97f-c6cc-4786-9b41-02e043435373
80	09:31	09:38	13be4a8c-279d-4ca1-b568-37c6df75b801
81	09:38	09:43	21af1cc3-80fb-401d-a042-f84b26f3d80b
82	09:43	09:48	a37dfcd8-4328-4699-8305-42233b0bfa74
83	09:48	09:53	c65ef35c-9d1e-467b-a1a6-c68ff7218758
84	09:53	10:00	25ac9693-4c71-4ed1-9cee-4eed239daecc
85	10:00	10:06	9af4bcd1-1ff9-4695-a639-1908bb2e13a6
86	10:06	10:11	f62afe2f-eea6-4e3a-a6b5-5e82f396fbb0
87	10:11	10:16	281def16-c7c1-45e4-b86f-71c7aeeaa2c4
88	10:16	10:22	c30d69b6-1d5c-46af-b947-ad31375afadc
