index,start,end,filename,description,url
1,00:00,00:04,001_00-00_00-04.png,"A man with one thin line arm raised pointing toward the viewer, a big wobbly black question mark floating beside his head.",https://d8j0ntlcm91z4.cloudfront.net/user_3EJ7eXPRDK8j3ZmKXW0B5KfoJTg/hf_20260613_125950_6f93e61d-8407-4c4f-ae36-25a629db9587.png
2,00:04,00:07,002_00-04_00-07.png,"A man standing relaxed with arms down, a big wobbly hand-drawn text '$1,000,000' floating above his head.",https://d8j0ntlcm91z4.cloudfront.net/user_3EJ7eXPRDK8j3ZmKXW0B5KfoJTg/hf_20260613_125955_1eb2def9-40ac-4ee9-a06f-c6c8041b45a3.png
3,00:07,00:10,003_00-07_00-10.png,"A man shrugging with both arms out, beside him a four-leaf clover and a money bag each crossed out with a big black X.",https://d8j0ntlcm91z4.cloudfront.net/user_3EJ7eXPRDK8j3ZmKXW0B5KfoJTg/hf_20260613_125959_6ef3b188-ee27-4dd1-a82f-f293a614999d.png
4,00:10,00:14,004_00-10_00-14.png,"A man standing, beside him a jagged stock price line chart crossed out with a big black X.",https://d8j0ntlcm91z4.cloudfront.net/user_3EJ7eXPRDK8j3ZmKXW0B5KfoJTg/hf_20260613_130003_8c8e5684-dfbe-4c39-b4c5-dda2cb199bfa.png
5,00:14,00:19,005_00-14_00-19.png,"A man standing with a glowing lightbulb floating above his head.",https://d8j0ntlcm91z4.cloudfront.net/user_3EJ7eXPRDK8j3ZmKXW0B5KfoJTg/hf_20260613_130006_a5d9778a-31d5-4a35-9295-8470e8427d92.png
6,00:19,00:23,006_00-19_00-23.png,"A man standing beside huge wobbly hand-drawn text 'COAST FIRE' with a small flame and a wavy ocean line below it.",https://d8j0ntlcm91z4.cloudfront.net/user_3EJ7eXPRDK8j3ZmKXW0B5KfoJTg/hf_20260613_130009_63010dde-c1ba-462c-ae72-f63b5cda8407.png
7,00:23,00:26,007_00-23_00-26.png,"A man standing holding a small calculator in one hand.",https://d8j0ntlcm91z4.cloudfront.net/user_3EJ7eXPRDK8j3ZmKXW0B5KfoJTg/hf_20260613_130012_27964893-981e-4e73-9a18-6075c327443a.png
8,00:26,00:29,008_00-26_00-29.png,"A man pointing at a small goal flag planted on the ground beside him.",https://d8j0ntlcm91z4.cloudfront.net/user_3EJ7eXPRDK8j3ZmKXW0B5KfoJTg/hf_20260613_130015_3095a97e-7460-4458-98bc-09237c7508c4.png
9,00:30,00:33,009_00-30_00-33.png,"A man standing beside a chalkboard covered in wobbly numbers with plus and equals signs.",https://d8j0ntlcm91z4.cloudfront.net/user_3EJ7eXPRDK8j3ZmKXW0B5KfoJTg/hf_20260613_130018_eec0bc49-216c-4b93-a356-ced936ebd55d.png
10,00:33,00:35,010_00-33_00-35.png,"A man pointing at three floating wobbly labels reading '20s', '30s' and '40s'.",https://d8j0ntlcm91z4.cloudfront.net/user_3EJ7eXPRDK8j3ZmKXW0B5KfoJTg/hf_20260613_130020_ecf1fe0c-ab82-4d21-a68e-9846cba85d5e.png
11,00:35,00:41,011_00-35_00-41.png,"A man with a surprised open mouth and a small explosion burst drawn above his head, mind blown.",https://d8j0ntlcm91z4.cloudfront.net/user_3EJ7eXPRDK8j3ZmKXW0B5KfoJTg/hf_20260613_130024_4eb25c4b-ad3c-42d8-b1fe-fbf4a3695de1.png
12,00:41,00:43,012_00-41_00-43.png,"A man standing at a drawn starting line on the ground, leaning forward ready to run.",https://d8j0ntlcm91z4.cloudfront.net/user_3EJ7eXPRDK8j3ZmKXW0B5KfoJTg/hf_20260613_130027_c89f0be0-5109-4640-a01c-a04f367b3a8a.png
13,00:43,00:45,013_00-43_00-45.png,"A man standing holding a small flame icon in his hand.",https://d8j0ntlcm91z4.cloudfront.net/user_3EJ7eXPRDK8j3ZmKXW0B5KfoJTg/hf_20260613_130030_bbf36e1e-4f52-4308-bc07-2ac1abee4f5c.png
14,00:45,00:50,014_00-45_00-50.png,"A man pointing at a big empty square box frame beside him.",https://d8j0ntlcm91z4.cloudfront.net/user_3EJ7eXPRDK8j3ZmKXW0B5KfoJTg/hf_20260613_130037_dbdb9aba-fcfe-415f-9ef3-e1dcb4b064bf.png
15,00:50,00:53,015_00-50_00-53.png,"A man standing beside huge wobbly hand-drawn text 'FIRE' with a flame above it.",https://d8j0ntlcm91z4.cloudfront.net/user_3EJ7eXPRDK8j3ZmKXW0B5KfoJTg/hf_20260613_130040_fdbec524-3801-43de-b8c7-12150da0e5a9.png
16,00:53,00:56,016_00-53_00-56.png,"A man holding up one finger with a small lightbulb beside his head, a simple idea.",https://d8j0ntlcm91z4.cloudfront.net/user_3EJ7eXPRDK8j3ZmKXW0B5KfoJTg/hf_20260613_130047_f2cafcd1-00a4-4e2e-994e-1e17a40195ba.png
17,00:56,00:59,017_00-56_00-59.png,"A man pointing at a wall calendar with a big dollar sign on it.",https://d8j0ntlcm91z4.cloudfront.net/user_3EJ7eXPRDK8j3ZmKXW0B5KfoJTg/hf_20260613_130153_8d651a62-b219-45f2-9649-12b6c4ab29e7.png
18,00:59,01:02,018_00-59_01-02.png,"A man beside a tall stack of coins growing into a big pile, a portfolio.",https://d8j0ntlcm91z4.cloudfront.net/user_3EJ7eXPRDK8j3ZmKXW0B5KfoJTg/hf_20260613_130156_98008d94-778b-4d90-92bb-9e596cc2f156.png
19,01:02,01:04,019_01-02_01-04.png,"A man beside a briefcase crossed out with a big black X, no more work.",https://d8j0ntlcm91z4.cloudfront.net/user_3EJ7eXPRDK8j3ZmKXW0B5KfoJTg/hf_20260613_130223_9416ba12-445d-4d1c-ad93-119c8eb06206.png
20,01:04,01:07,020_01-04_01-07.png,"A man holding a small calculator and looking at it thinking, with a thought bubble.",https://d8j0ntlcm91z4.cloudfront.net/user_3EJ7eXPRDK8j3ZmKXW0B5KfoJTg/hf_20260613_130238_27cd2986-221f-4ca5-a560-916c12a5f4a1.png
21,01:07,01:11,021_01-07_01-11.png,"A man pointing at huge wobbly hand-drawn text 'x25' floating beside him.",https://d8j0ntlcm91z4.cloudfront.net/user_3EJ7eXPRDK8j3ZmKXW0B5KfoJTg/hf_20260613_130242_96631e64-8db3-4b3a-adf5-903b26333ed0.png
22,01:11,01:14,022_01-11_01-14.png,"A man pointing at huge wobbly hand-drawn text '4%' floating beside him.",https://d8j0ntlcm91z4.cloudfront.net/user_3EJ7eXPRDK8j3ZmKXW0B5KfoJTg/hf_20260613_130243_336415c9-bc63-4051-82e1-39e4b43166fd.png
23,01:14,01:16,023_01-14_01-16.png,"A man holding up a sheet of paper document labeled 'STUDY'.",https://d8j0ntlcm91z4.cloudfront.net/user_3EJ7eXPRDK8j3ZmKXW0B5KfoJTg/hf_20260613_130243_bc11f2a4-386b-4d1f-851b-62a29209a3e5.png
24,01:16,01:20,024_01-16_01-20.png,"A man holding a big magnifying glass over a jagged line chart.",https://d8j0ntlcm91z4.cloudfront.net/user_3EJ7eXPRDK8j3ZmKXW0B5KfoJTg/hf_20260613_130244_86cd6e93-afc7-4b53-bd3d-c6c170abdfc3.png
25,01:20,01:22,025_01-20_01-22.png,"A man pointing at a simple pie chart with a few slices.",https://d8j0ntlcm91z4.cloudfront.net/user_3EJ7eXPRDK8j3ZmKXW0B5KfoJTg/hf_20260613_130245_8e2ad397-b024-4c3a-bd39-0b20c3a701a4.png
26,01:22,01:28,026_01-22_01-28.png,"A man beside a big hourglass and a money bag.",https://d8j0ntlcm91z4.cloudfront.net/user_3EJ7eXPRDK8j3ZmKXW0B5KfoJTg/hf_20260613_130246_a500fcee-f466-4d06-9dec-5bc5f1a71da9.png
27,01:28,01:34,027_01-28_01-34.png,"A man taking a small slice labeled '4%' out of a round pie chart with his hand.",https://d8j0ntlcm91z4.cloudfront.net/user_3EJ7eXPRDK8j3ZmKXW0B5KfoJTg/hf_20260613_130246_8c188baa-d234-4851-bd78-41d12b942d5c.png
28,01:34,01:37,028_01-34_01-37.png,"A man pointing at a stock line chart with a big arrow going up.",https://d8j0ntlcm91z4.cloudfront.net/user_3EJ7eXPRDK8j3ZmKXW0B5KfoJTg/hf_20260613_130339_2a3aaacc-88a2-4315-9ec7-f1ee8892ac03.png
29,01:37,01:42,029_01-37_01-42.png,"A man pointing at huge wobbly hand-drawn text '30 YEARS' floating beside him.",https://d8j0ntlcm91z4.cloudfront.net/user_3EJ7eXPRDK8j3ZmKXW0B5KfoJTg/hf_20260613_130248_7181ac57-f686-49e3-b80f-3b73d9ee0e05.png
30,01:42,01:43,030_01-42_01-43.png,"A man holding an open wallet stuffed with cash, with a big checkmark beside it.",https://d8j0ntlcm91z4.cloudfront.net/user_3EJ7eXPRDK8j3ZmKXW0B5KfoJTg/hf_20260613_130341_c80d1b38-eae8-4f70-b5e1-66fcf32728e9.png
31,01:44,01:48,031_01-44_01-48.png,"A man pointing at huge wobbly hand-drawn text '$50,000 / YEAR' floating beside him.",https://d8j0ntlcm91z4.cloudfront.net/user_3EJ7eXPRDK8j3ZmKXW0B5KfoJTg/hf_20260613_130343_72155129-7970-40c0-99ab-05915f0c4bec.png
32,01:48,01:55,032_01-48_01-55.png,"A man beside huge wobbly hand-drawn text '$50K x25 = $1.25M'.",https://d8j0ntlcm91z4.cloudfront.net/user_3EJ7eXPRDK8j3ZmKXW0B5KfoJTg/hf_20260613_130345_38a46981-a10c-4022-9be6-ea1b7fcb9237.png
33,01:55,01:58,033_01-55_01-58.png,"A man pointing at a round bullseye target labeled 'FIRE #'.",https://d8j0ntlcm91z4.cloudfront.net/user_3EJ7eXPRDK8j3ZmKXW0B5KfoJTg/hf_20260613_130347_dc5daf49-b793-4ad9-afc9-466bb4206726.png
34,01:59,02:02,034_01-59_02-02.png,"A man pointing at huge wobbly hand-drawn text '$80,000 / YEAR' floating beside him.",https://d8j0ntlcm91z4.cloudfront.net/user_3EJ7eXPRDK8j3ZmKXW0B5KfoJTg/hf_20260613_130349_295f20c5-ac54-4c82-9f0a-265069b70cc5.png
35,02:02,02:04,035_02-02_02-04.png,"A man pointing at huge wobbly hand-drawn text '$2,000,000' floating beside him.",https://d8j0ntlcm91z4.cloudfront.net/user_3EJ7eXPRDK8j3ZmKXW0B5KfoJTg/hf_20260613_130351_cdfbf790-b694-41e3-8e63-87b3ffcc17e3.png
36,02:04,02:09,036_02-04_02-09.png,"A man beside a glass jar full of coins with a small upward growth arrow, money staying invested.",https://d8j0ntlcm91z4.cloudfront.net/user_3EJ7eXPRDK8j3ZmKXW0B5KfoJTg/hf_20260613_130353_6d9312d4-b03b-4229-a784-09a5bcdca401.png
37,02:09,02:12,037_02-09_02-12.png,"A man beside a small plant growing out of a stack of coins while one hand picks a single coin off the top.",https://d8j0ntlcm91z4.cloudfront.net/user_3EJ7eXPRDK8j3ZmKXW0B5KfoJTg/hf_20260613_130413_2a29f22f-db3d-4ecb-a722-3758b56c5641.png
38,02:13,02:15,038_02-13_02-15.png,"A man beside a static flat pile of cash crossed out with a big black X.",https://d8j0ntlcm91z4.cloudfront.net/user_3EJ7eXPRDK8j3ZmKXW0B5KfoJTg/hf_20260613_130415_68216178-4138-471d-b7cd-2098d5035b7c.png
39,02:15,02:19,039_02-15_02-19.png,"A man taking a small thin slice from a large growing pie chart with an upward arrow.",https://d8j0ntlcm91z4.cloudfront.net/user_3EJ7eXPRDK8j3ZmKXW0B5KfoJTg/hf_20260613_130417_07c0a51f-5287-45c6-b072-bfe16e981d20.png
40,02:19,02:22,040_02-19_02-22.png,"A man looking out at a long horizon line with a rising sun and a very long arrow stretching to the right.",https://d8j0ntlcm91z4.cloudfront.net/user_3EJ7eXPRDK8j3ZmKXW0B5KfoJTg/hf_20260613_130419_a538fa60-aae6-435d-a1b6-f339151d88e7.png
41,02:22,02:25,041_02-22_02-25.png,"A man stepping in from the side pointing at wobbly text 'COAST FIRE' with a flame and a wave.",https://d8j0ntlcm91z4.cloudfront.net/user_3EJ7eXPRDK8j3ZmKXW0B5KfoJTg/hf_20260613_130421_fed29908-39da-4448-b148-ad4e0d9a0dc8.png
42,02:25,02:29,042_02-25_02-29.png,"A man jumping with both arms raised up excited, with little motion lines around him.",https://d8j0ntlcm91z4.cloudfront.net/user_3EJ7eXPRDK8j3ZmKXW0B5KfoJTg/hf_20260613_130423_d5934d9f-4b90-4365-bdce-95030fb49764.png
43,02:29,02:32,043_02-29_02-32.png,"A man pointing at a milestone signpost standing on a winding path.",https://d8j0ntlcm91z4.cloudfront.net/user_3EJ7eXPRDK8j3ZmKXW0B5KfoJTg/hf_20260613_130426_ebd9269a-c24b-49ef-88c1-88619719a100.png
44,02:32,02:37,044_02-32_02-37.png,"A man flexing one arm to show a big round muscle bicep.",https://d8j0ntlcm91z4.cloudfront.net/user_3EJ7eXPRDK8j3ZmKXW0B5KfoJTg/hf_20260613_130427_fb76e15a-8121-4aa3-8243-38a17321c6ab.png
45,02:37,02:38,045_02-37_02-38.png,"A man pointing at wobbly hand-drawn text 'COMPOUND INTEREST' with a big snowball rolling beside it.",https://d8j0ntlcm91z4.cloudfront.net/user_3EJ7eXPRDK8j3ZmKXW0B5KfoJTg/hf_20260613_130442_35ecfc11-3c64-48ce-af86-1bec5e15a99b.png
46,02:38,02:40,046_02-38_02-40.png,"A man pointing upward at a glowing lightbulb above his head.",https://d8j0ntlcm91z4.cloudfront.net/user_3EJ7eXPRDK8j3ZmKXW0B5KfoJTg/hf_20260613_130444_ed6e5cdc-1d87-4c88-8614-2d8cfa4f7eb3.png
47,02:40,02:42,047_02-40_02-42.png,"A man beside an alarm clock showing early morning and a small stack of coins.",https://d8j0ntlcm91z4.cloudfront.net/user_3EJ7eXPRDK8j3ZmKXW0B5KfoJTg/hf_20260613_130446_ee760584-92a8-4088-89bf-bc39a0d4a42d.png
48,02:42,02:45,048_02-42_02-45.png,"A man sitting relaxed in a chair while a big arrow lifts a heavy barbell labeled 'MARKET' for him.",https://d8j0ntlcm91z4.cloudfront.net/user_3EJ7eXPRDK8j3ZmKXW0B5KfoJTg/hf_20260613_130449_ddaf6c00-cfc0-44d7-9648-d05172b3f738.png
49,02:45,02:48,049_02-45_02-48.png,"A man holding up one open palm in a stop gesture beside a single dollar bill.",https://d8j0ntlcm91z4.cloudfront.net/user_3EJ7eXPRDK8j3ZmKXW0B5KfoJTg/hf_20260613_130451_b4cd545a-1154-4b0d-bbe3-3cb227f5d2e6.png
50,02:48,02:50,050_02-48_02-50.png,"A man pointing at a single calendar page marked with a big black X.",https://d8j0ntlcm91z4.cloudfront.net/user_3EJ7eXPRDK8j3ZmKXW0B5KfoJTg/hf_20260613_130452_ed3804ed-e91d-4f67-a5b9-9624a1d0d777.png
51,02:50,02:52,051_02-50_02-52.png,"A man watching a tall plant grow by itself out of a pot of coins with no hands touching it.",https://d8j0ntlcm91z4.cloudfront.net/user_3EJ7eXPRDK8j3ZmKXW0B5KfoJTg/hf_20260613_130455_2e6a3a0d-90f8-4e6e-8cde-568994950535.png
52,02:52,02:54,052_02-52_02-54.png,"A man pointing at a big upward arrow rising to a bullseye target labeled 'FIRE'.",https://d8j0ntlcm91z4.cloudfront.net/user_3EJ7eXPRDK8j3ZmKXW0B5KfoJTg/hf_20260613_130456_719c831b-13b3-4a5c-86ee-326327b34049.png
53,02:54,02:57,053_02-54_02-57.png,"A man pointing at a clock beside huge wobbly hand-drawn text '65'.",https://d8j0ntlcm91z4.cloudfront.net/user_3EJ7eXPRDK8j3ZmKXW0B5KfoJTg/hf_20260613_130513_fda551b0-c823-423f-a01d-a5638a7c170d.png
54,02:57,02:59,054_02-57_02-59.png,"A man hitting a bullseye target with a dart, a big checkmark beside it.",https://d8j0ntlcm91z4.cloudfront.net/user_3EJ7eXPRDK8j3ZmKXW0B5KfoJTg/hf_20260613_130515_c93232fc-2b88-4293-952c-fb1cf09c7904.png
55,02:59,03:01,055_02-59_03-01.png,"A man beside a big closed padlock sitting on wobbly text 'RETIREMENT'.",https://d8j0ntlcm91z4.cloudfront.net/user_3EJ7eXPRDK8j3ZmKXW0B5KfoJTg/hf_20260613_130517_5b28e6a2-4030-45b6-a374-cecd20e80fc9.png
56,03:01,03:03,056_03-01_03-03.png,"A man coasting on a skateboard, relaxed and gliding.",https://d8j0ntlcm91z4.cloudfront.net/user_3EJ7eXPRDK8j3ZmKXW0B5KfoJTg/hf_20260613_130519_bb9f9ea4-9aa9-41e3-935b-bac3ba9495cb.png
57,03:03,03:04,057_03-03_03-04.png,"A man beside a piggy bank crossed out with a big black X.",https://d8j0ntlcm91z4.cloudfront.net/user_3EJ7eXPRDK8j3ZmKXW0B5KfoJTg/hf_20260613_130521_02346e88-7868-4121-b8fd-d0f44d74a559.png
58,03:04,03:08,058_03-04_03-08.png,"A man standing relaxed with both hands behind his head, calm and carefree.",https://d8j0ntlcm91z4.cloudfront.net/user_3EJ7eXPRDK8j3ZmKXW0B5KfoJTg/hf_20260613_130522_f3c77b2c-9161-4a7e-a4f3-3774e2d305d3.png
59,03:08,03:10,059_03-08_03-10.png,"A man beside a money bag with several arrows pointing outward in different directions.",https://d8j0ntlcm91z4.cloudfront.net/user_3EJ7eXPRDK8j3ZmKXW0B5KfoJTg/hf_20260613_130524_0f6cb84b-7645-41cf-a32d-4c4c8f8451f4.png
60,03:10,03:14,060_03-10_03-14.png,"A man surrounded by a suitcase, an airplane, and a paint palette icons.",https://d8j0ntlcm91z4.cloudfront.net/user_3EJ7eXPRDK8j3ZmKXW0B5KfoJTg/hf_20260613_130526_ba3b222c-af5c-491c-840e-cfc118fd9803.png
61,03:14,03:16,061_03-14_03-16.png,"A man exhaling a relaxed sigh with a little curl of breath in front of his mouth, eyes closed calmly.",https://d8j0ntlcm91z4.cloudfront.net/user_3EJ7eXPRDK8j3ZmKXW0B5KfoJTg/hf_20260613_130542_8750ddd4-dd04-4a9e-8fc7-58fa570e84e8.png
62,03:16,03:18,062_03-16_03-18.png,"A man pointing a finger up with emphasis beside a big wobbly exclamation mark.",https://d8j0ntlcm91z4.cloudfront.net/user_3EJ7eXPRDK8j3ZmKXW0B5KfoJTg/hf_20260613_130544_6bca0709-1b00-48fb-b56b-2a9f97b5ec09.png
63,03:18,03:23,063_03-18_03-23.png,"A man pointing at huge wobbly hand-drawn text '10%' beside a small upward line chart.",https://d8j0ntlcm91z4.cloudfront.net/user_3EJ7eXPRDK8j3ZmKXW0B5KfoJTg/hf_20260613_130546_3cb09919-2cd4-4882-9121-0c12a8873b41.png
64,03:23,03:27,064_03-23_03-27.png,"A man pointing at wobbly hand-drawn text 'INDEX FUND' beside a basket holding many tiny coins.",https://d8j0ntlcm91z4.cloudfront.net/user_3EJ7eXPRDK8j3ZmKXW0B5KfoJTg/hf_20260613_130548_5119b240-8dc3-4dc9-96ee-a398e94034ae.png
65,03:27,03:29,065_03-27_03-29.png,"A man pointing at huge wobbly hand-drawn text 'S&P 500'.",https://d8j0ntlcm91z4.cloudfront.net/user_3EJ7eXPRDK8j3ZmKXW0B5KfoJTg/hf_20260613_130550_ce645d63-736d-49b3-8c41-ca5869b24d62.png
66,03:29,03:34,066_03-29_03-34.png,"A man beside two coins turning into four coins with an arrow, and wobbly text '7 YRS'.",https://d8j0ntlcm91z4.cloudfront.net/user_3EJ7eXPRDK8j3ZmKXW0B5KfoJTg/hf_20260613_130552_df679a73-7bad-4cfd-8561-33404b435720.png
67,03:34,03:39,067_03-34_03-39.png,"A man pointing at a big steep curve swooping upward to the top right.",https://d8j0ntlcm91z4.cloudfront.net/user_3EJ7eXPRDK8j3ZmKXW0B5KfoJTg/hf_20260613_130554_7d70fe84-0a14-4fb2-a274-fb5c43f9f3f4.png
68,03:39,03:44,068_03-39_03-44.png,"A man beside a single tiny coin with a big arrow leading to a huge pile of money, labeled wobbly text '20 to 60'.",https://d8j0ntlcm91z4.cloudfront.net/user_3EJ7eXPRDK8j3ZmKXW0B5KfoJTg/hf_20260613_130556_c913da0c-c224-44aa-9580-2bdf1fb4032a.png
69,03:44,03:47,069_03-44_03-47.png,"A man pointing at a thick stack of many calendar pages with wobbly text 'DECADES'.",https://d8j0ntlcm91z4.cloudfront.net/user_3EJ7eXPRDK8j3ZmKXW0B5KfoJTg/hf_20260613_130610_8553b20d-5b1a-42db-9c9b-0b74ec349ce7.png
70,03:47,03:51,070_03-47_03-51.png,"A man pointing at a chalkboard with a wobbly equation and a small flame drawn on it.",https://d8j0ntlcm91z4.cloudfront.net/user_3EJ7eXPRDK8j3ZmKXW0B5KfoJTg/hf_20260613_130612_0a3f2b6d-0aa9-40a6-b4c7-729d95785cd0.png
71,03:51,03:56,071_03-51_03-56.png,"A man beside a balance scale where a big clock outweighs a small money bag on the other side.",https://d8j0ntlcm91z4.cloudfront.net/user_3EJ7eXPRDK8j3ZmKXW0B5KfoJTg/hf_20260613_130614_725985ac-90ae-480b-93ed-286bc3c55d4f.png
72,03:57,04:00,072_03-57_04-00.png,"A man holding a calculator with a big wobbly question mark above his head.",https://d8j0ntlcm91z4.cloudfront.net/user_3EJ7eXPRDK8j3ZmKXW0B5KfoJTg/hf_20260613_130616_eb274c50-185f-420e-898d-63cf81a6f4f0.png
73,04:00,04:02,073_04-00_04-02.png,"A man holding up two fingers beside a big wobbly hand-drawn number '2'.",https://d8j0ntlcm91z4.cloudfront.net/user_3EJ7eXPRDK8j3ZmKXW0B5KfoJTg/hf_20260613_130618_d2cdd193-0174-4443-b611-79c2b2937552.png
74,04:02,04:06,074_04-02_04-06.png,"A man pointing at wobbly text '#1' beside a bullseye target.",https://d8j0ntlcm91z4.cloudfront.net/user_3EJ7eXPRDK8j3ZmKXW0B5KfoJTg/hf_20260613_130620_4e7acaed-9005-4150-91c0-510569b5e2e8.png
75,04:06,04:13,075_04-06_04-13.png,"A man pointing at huge wobbly hand-drawn text 'EXPENSES x25'.",https://d8j0ntlcm91z4.cloudfront.net/user_3EJ7eXPRDK8j3ZmKXW0B5KfoJTg/hf_20260613_130622_a4fe1f22-475f-4076-ad35-ea947846d284.png
76,04:13,04:18,076_04-13_04-18.png,"A man pointing at wobbly text '#2' beside a calendar and a clock.",https://d8j0ntlcm91z4.cloudfront.net/user_3EJ7eXPRDK8j3ZmKXW0B5KfoJTg/hf_20260613_130623_f018c0a2-be3b-4e34-9da0-041f51628dbc.png
77,04:18,04:23,077_04-18_04-23.png,"A man pointing at a big arrow curving backward to the left, with wobbly text '10%'.",https://d8j0ntlcm91z4.cloudfront.net/user_3EJ7eXPRDK8j3ZmKXW0B5KfoJTg/hf_20260613_130639_29fbc6c4-5748-410b-97fd-59346279a18c.png
78,04:23,04:30,078_04-23_04-30.png,"A man pointing at wobbly text 'TODAY = ?' with an arrow leading to a bullseye goal target.",https://d8j0ntlcm91z4.cloudfront.net/user_3EJ7eXPRDK8j3ZmKXW0B5KfoJTg/hf_20260613_130642_e4d8f366-f8c7-46a7-ae2e-bbc58c43a314.png
79,04:30,04:35,079_04-30_04-35.png,"A man beside a tiny dot at the start of a very long line stretching to a far away target.",https://d8j0ntlcm91z4.cloudfront.net/user_3EJ7eXPRDK8j3ZmKXW0B5KfoJTg/hf_20260613_130644_212f1987-19f5-4bc9-adf4-c3c6d0ce82a2.png
80,04:35,04:37,080_04-35_04-37.png,"A man smiling and admiring something with little sparkle marks around his head.",https://d8j0ntlcm91z4.cloudfront.net/user_3EJ7eXPRDK8j3ZmKXW0B5KfoJTg/hf_20260613_130646_1260403c-06f7-4804-803a-138383d5614a.png
81,04:37,04:43,081_04-37_04-43.png,"A man rolling up his sleeves with a determined face, small numbers floating around him.",https://d8j0ntlcm91z4.cloudfront.net/user_3EJ7eXPRDK8j3ZmKXW0B5KfoJTg/hf_20260613_130648_fb19435e-84a7-4c27-9507-4053af50fa48.png
82,04:43,04:46,082_04-43_04-46.png,"A man pointing at a big wobbly number '3' above three empty square boxes.",https://d8j0ntlcm91z4.cloudfront.net/user_3EJ7eXPRDK8j3ZmKXW0B5KfoJTg/hf_20260613_130650_b99988c7-e2e1-4319-ad4a-5298b5ef83fc.png
83,04:46,04:49,083_04-46_04-49.png,"A man pointing at wobbly text 'SCENARIO 1' above 'AGE 30'.",https://d8j0ntlcm91z4.cloudfront.net/user_3EJ7eXPRDK8j3ZmKXW0B5KfoJTg/hf_20260613_130652_c76bd022-0fde-46a5-8c16-4d02289ce286.png
84,04:49,04:55,084_04-49_04-55.png,"A man sprinting fast leaning forward with motion lines trailing behind him.",https://d8j0ntlcm91z4.cloudfront.net/user_3EJ7eXPRDK8j3ZmKXW0B5KfoJTg/hf_20260613_130653_2536cffd-fe4b-42f2-a341-5f3bfa71eb44.png
85,04:55,05:01,085_04-55_05-01.png,"A man pointing at wobbly text 'AGE 20' and '10 YRS'.",https://d8j0ntlcm91z4.cloudfront.net/user_3EJ7eXPRDK8j3ZmKXW0B5KfoJTg/hf_20260613_130709_814a51c2-a1be-4abe-904e-aa07d747f6e5.png
86,05:01,05:09,086_05-01_05-09.png,"A man pointing at huge wobbly hand-drawn text '30 to 65 = 35 YRS'.",https://d8j0ntlcm91z4.cloudfront.net/user_3EJ7eXPRDK8j3ZmKXW0B5KfoJTg/hf_20260613_130711_56007a95-6e53-4dad-a4b4-8207b572630f.png
87,05:10,05:20,087_05-10_05-20.png,"A man pointing at huge wobbly hand-drawn text '$175 / MONTH'.",https://d8j0ntlcm91z4.cloudfront.net/user_3EJ7eXPRDK8j3ZmKXW0B5KfoJTg/hf_20260613_130713_15a9f5e2-ba83-4c44-b0be-341f4eac98a6.png
88,05:20,05:22,088_05-20_05-22.png,"A man shrugging casually with both palms up and a simple little smile.",https://d8j0ntlcm91z4.cloudfront.net/user_3EJ7eXPRDK8j3ZmKXW0B5KfoJTg/hf_20260613_130715_c9119b1f-b34d-4fe6-9bf4-c695a3327e0c.png
89,05:22,05:30,089_05-22_05-30.png,"A man pointing at huge wobbly hand-drawn text '$20,000' with a small coin stack.",https://d8j0ntlcm91z4.cloudfront.net/user_3EJ7eXPRDK8j3ZmKXW0B5KfoJTg/hf_20260613_130720_70277009-5d4a-4b58-bea6-c0cc092c31db.png
90,05:31,05:41,090_05-31_05-41.png,"A man beside wobbly text '$20K' with an arrow to a big balloon labeled '$1,000,000'.",https://d8j0ntlcm91z4.cloudfront.net/user_3EJ7eXPRDK8j3ZmKXW0B5KfoJTg/hf_20260613_130720_79a5c781-f374-4007-a2ab-89329701895a.png
91,05:41,05:44,091_05-41_05-44.png,"A man with a curious face pointing at wobbly text '$2M?' with a big question mark.",https://d8j0ntlcm91z4.cloudfront.net/user_3EJ7eXPRDK8j3ZmKXW0B5KfoJTg/hf_20260613_130722_e2df3db9-ae38-4621-bd90-2859e3d08234.png
92,05:44,05:48,092_05-44_05-48.png,"A man pointing at huge wobbly hand-drawn text '$350 / MONTH'.",https://d8j0ntlcm91z4.cloudfront.net/user_3EJ7eXPRDK8j3ZmKXW0B5KfoJTg/hf_20260613_130723_a0a0fc8e-99c5-4b61-bb21-2f8bf64cd7f1.png
93,05:50,05:56,093_05-50_05-56.png,"A man lounging back with hands behind head while a money bag with little gears works beside him.",https://d8j0ntlcm91z4.cloudfront.net/user_3EJ7eXPRDK8j3ZmKXW0B5KfoJTg/hf_20260613_130739_b367e0e4-1d74-4da1-a225-4337b1c98fde.png
94,05:56,06:07,094_05-56_06-07.png,"A man pointing at wobbly text 'AGE 20' next to a big round clock.",https://d8j0ntlcm91z4.cloudfront.net/user_3EJ7eXPRDK8j3ZmKXW0B5KfoJTg/hf_20260613_130742_fcd4a630-7dab-489a-9931-a3413a735f43.png
95,06:07,06:10,095_06-07_06-10.png,"A man pointing at wobbly text 'SCENARIO 2' above 'AGE 40'.",https://d8j0ntlcm91z4.cloudfront.net/user_3EJ7eXPRDK8j3ZmKXW0B5KfoJTg/hf_20260613_130743_af27e45b-faec-4032-8fbc-aecdfa3c4383.png
96,06:10,06:15,096_06-10_06-15.png,"A man pointing directly at the viewer with wobbly text 'REALISTIC' beside him.",https://d8j0ntlcm91z4.cloudfront.net/user_3EJ7eXPRDK8j3ZmKXW0B5KfoJTg/hf_20260613_130745_3c5f58dc-10f9-46b8-8ce4-bf35aae4bd20.png
97,06:15,06:20,097_06-15_06-20.png,"A man standing on a winding road path with wobbly text 'AGE 30' above him.",https://d8j0ntlcm91z4.cloudfront.net/user_3EJ7eXPRDK8j3ZmKXW0B5KfoJTg/hf_20260613_130748_af4ba390-c6cb-4afc-9abe-ffae38092830.png
98,06:20,06:30,098_06-20_06-30.png,"A man beside wobbly text '10 YR WINDOW' and a big closed padlock.",https://d8j0ntlcm91z4.cloudfront.net/user_3EJ7eXPRDK8j3ZmKXW0B5KfoJTg/hf_20260613_130749_b0114b5a-9055-4b7d-ade2-22b156c59118.png
99,06:30,06:37,099_06-30_06-37.png,"A man pointing at huge wobbly hand-drawn text '$450 / MONTH'.",https://d8j0ntlcm91z4.cloudfront.net/user_3EJ7eXPRDK8j3ZmKXW0B5KfoJTg/hf_20260613_130751_47a0084d-5989-42c1-b7d3-48d14b8f6c3a.png
100,06:37,06:42,100_06-37_06-42.png,"A man pointing at huge wobbly hand-drawn text '$90,000' with a coin stack.",https://d8j0ntlcm91z4.cloudfront.net/user_3EJ7eXPRDK8j3ZmKXW0B5KfoJTg/hf_20260613_130753_3f99f232-2d00-4e3a-9c5e-b877f6cff934.png
101,06:43,06:52,101_06-43_06-52.png,"A man pointing at wobbly text '40 to 65' with an arrow to '$1M'.",https://d8j0ntlcm91z4.cloudfront.net/user_3EJ7eXPRDK8j3ZmKXW0B5KfoJTg/hf_20260613_130809_9ef8742b-cab3-46b5-85fd-9360779fc15f.png
102,06:52,07:00,102_06-52_07-00.png,"A man pointing at huge wobbly hand-drawn text '$900 / MONTH'.",https://d8j0ntlcm91z4.cloudfront.net/user_3EJ7eXPRDK8j3ZmKXW0B5KfoJTg/hf_20260613_130811_be61f722-5a37-46cc-b197-07cde3137442.png
103,07:00,07:10,103_07-00_07-10.png,"A man beside wobbly text '$182K' with an arrow to '$2M'.",https://d8j0ntlcm91z4.cloudfront.net/user_3EJ7eXPRDK8j3ZmKXW0B5KfoJTg/hf_20260613_130812_932b204d-f133-4181-bfb5-c067f792e617.png
104,07:11,07:22,104_07-11_07-22.png,"A man pointing at two boxes labeled wobbly text '401k' and 'ROTH IRA' with a plus sign between them.",https://d8j0ntlcm91z4.cloudfront.net/user_3EJ7eXPRDK8j3ZmKXW0B5KfoJTg/hf_20260613_130815_de9d0977-e0ef-4bec-bcee-fed6c98bdce3.png
105,07:22,07:29,105_07-22_07-29.png,"A man dropping coins into two labeled jars side by side.",https://d8j0ntlcm91z4.cloudfront.net/user_3EJ7eXPRDK8j3ZmKXW0B5KfoJTg/hf_20260613_130816_9449e3ce-4a9c-496b-9b05-97b9bac16ae8.png
106,07:29,07:33,106_07-29_07-33.png,"A man pointing at wobbly text 'SCENARIO 3' above 'AGE 50'.",https://d8j0ntlcm91z4.cloudfront.net/user_3EJ7eXPRDK8j3ZmKXW0B5KfoJTg/hf_20260613_130819_c699a47e-c8d9-4482-ba67-6db6d6e609aa.png
107,07:33,07:36,107_07-33_07-36.png,"A man looking worried with a single sweat drop and wobbly text 'BEHIND' beside him.",https://d8j0ntlcm91z4.cloudfront.net/user_3EJ7eXPRDK8j3ZmKXW0B5KfoJTg/hf_20260613_130821_f90f9107-2b19-4cad-b704-5365df30c5d2.png
108,07:37,07:48,108_07-37_07-48.png,"A man pointing at huge wobbly hand-drawn text '35 to 50 = 15 YRS'.",https://d8j0ntlcm91z4.cloudfront.net/user_3EJ7eXPRDK8j3ZmKXW0B5KfoJTg/hf_20260613_130822_3702a316-db57-4c12-8ac7-00d58f220ba9.png
109,07:48,07:56,109_07-48_07-56.png,"A man pointing at huge wobbly hand-drawn text '$578 / MONTH'.",https://d8j0ntlcm91z4.cloudfront.net/user_3EJ7eXPRDK8j3ZmKXW0B5KfoJTg/hf_20260613_130839_e95df744-4b94-4f3c-a48a-679a05b3ab10.png
110,07:56,08:00,110_07-56_08-00.png,"A man pointing at huge wobbly hand-drawn text 'MAX ROTH IRA'.",https://d8j0ntlcm91z4.cloudfront.net/user_3EJ7eXPRDK8j3ZmKXW0B5KfoJTg/hf_20260613_130841_c0598166-8ff2-4249-aa61-791091965095.png
111,08:00,08:09,111_08-00_08-09.png,"A man beside wobbly text '$500K' with an arrow to '$1M'.",https://d8j0ntlcm91z4.cloudfront.net/user_3EJ7eXPRDK8j3ZmKXW0B5KfoJTg/hf_20260613_130843_77eb1251-e429-48b8-8b00-f5f4e18e0af9.png
112,08:10,08:21,112_08-10_08-21.png,"A man pointing at huge wobbly hand-drawn text '$1,155 / MONTH'.",https://d8j0ntlcm91z4.cloudfront.net/user_3EJ7eXPRDK8j3ZmKXW0B5KfoJTg/hf_20260613_130845_0a2dc272-d7a2-4310-bcef-f50e7b2c2c55.png
113,08:21,08:26,113_08-21_08-26.png,"A man pointing at huge wobbly hand-drawn text '$500,000' with a coin stack.",https://d8j0ntlcm91z4.cloudfront.net/user_3EJ7eXPRDK8j3ZmKXW0B5KfoJTg/hf_20260613_130846_4dbf691e-c0b0-4266-b8d9-aac3ec285d4d.png
114,08:26,08:32,114_08-26_08-32.png,"A man pointing at a big upward arrow leading to huge wobbly text '$2M'.",https://d8j0ntlcm91z4.cloudfront.net/user_3EJ7eXPRDK8j3ZmKXW0B5KfoJTg/hf_20260613_130848_a1adb981-f8a4-4fd9-84c8-2310e8375901.png
115,08:33,08:46,115_08-33_08-46.png,"A man sitting at a small desk with gears turning and coins flowing automatically into a jar.",https://d8j0ntlcm91z4.cloudfront.net/user_3EJ7eXPRDK8j3ZmKXW0B5KfoJTg/hf_20260613_130851_604c5487-c0dd-4687-bdff-8f1b8b1d1efe.png
116,08:46,08:52,116_08-46_08-52.png,"A man pointing at huge wobbly hand-drawn text '10%' with a small percent sign.",https://d8j0ntlcm91z4.cloudfront.net/user_3EJ7eXPRDK8j3ZmKXW0B5KfoJTg/hf_20260613_130853_2b89060f-d6f8-4067-96c3-5c5d52093870.png
117,08:52,08:57,117_08-52_08-57.png,"A man with one hand raised palm out objecting, with a small speech bubble.",https://d8j0ntlcm91z4.cloudfront.net/user_3EJ7eXPRDK8j3ZmKXW0B5KfoJTg/hf_20260613_130908_4b2f95c8-a82c-4ca8-893b-53d48ed60f94.png
118,08:57,08:57,118_08-57_08-57.png,"A man nodding with a small smile and a big checkmark beside his head.",https://d8j0ntlcm91z4.cloudfront.net/user_3EJ7eXPRDK8j3ZmKXW0B5KfoJTg/hf_20260613_130910_83631e43-a791-4670-96dc-bfe76a103d96.png
119,08:58,09:04,119_08-58_09-04.png,"A man pointing at huge wobbly hand-drawn text '7% / 8%'.",https://d8j0ntlcm91z4.cloudfront.net/user_3EJ7eXPRDK8j3ZmKXW0B5KfoJTg/hf_20260613_130912_d8d921ba-97a0-4c78-9bf1-47b6a1f611cd.png
120,09:04,09:13,120_09-04_09-13.png,"A man pointing at wobbly text '8%' beside '$/MO' with an upward arrow.",https://d8j0ntlcm91z4.cloudfront.net/user_3EJ7eXPRDK8j3ZmKXW0B5KfoJTg/hf_20260613_130913_9e807b90-f7f4-4d09-ab2d-65945794a8da.png
121,09:13,09:15,121_09-13_09-15.png,"A man pointing at a chalkboard with a wobbly equation and a big checkmark.",https://d8j0ntlcm91z4.cloudfront.net/user_3EJ7eXPRDK8j3ZmKXW0B5KfoJTg/hf_20260613_130916_e8d9e2af-694e-4040-bd5a-f3158711d24b.png
122,09:15,09:18,122_09-15_09-18.png,"A man turning a big dial knob with sliders beside him.",https://d8j0ntlcm91z4.cloudfront.net/user_3EJ7eXPRDK8j3ZmKXW0B5KfoJTg/hf_20260613_130918_61192845-454e-4e24-8bf6-c8a836f66d76.png
123,09:18,09:24,123_09-18_09-24.png,"A man with one hand on his chin thinking, with a small thought bubble.",https://d8j0ntlcm91z4.cloudfront.net/user_3EJ7eXPRDK8j3ZmKXW0B5KfoJTg/hf_20260613_130919_5531a31a-eaa1-4ba8-920f-ae45061c0c44.png
124,09:25,09:29,124_09-25_09-29.png,"A man beside a briefcase with a big wobbly question mark above it.",https://d8j0ntlcm91z4.cloudfront.net/user_3EJ7eXPRDK8j3ZmKXW0B5KfoJTg/hf_20260613_130921_a495b0c2-ef5f-4d8d-9bf5-09e7a5236244.png
125,09:29,09:33,125_09-29_09-33.png,"A man doing a flexible stretch bending sideways, loose and relaxed.",https://d8j0ntlcm91z4.cloudfront.net/user_3EJ7eXPRDK8j3ZmKXW0B5KfoJTg/hf_20260613_130939_49f0d15b-8feb-4ade-9f98-1e58214b97db.png
126,09:33,09:39,126_09-33_09-39.png,"A man with a big happy smile, a dark storm cloud crossed out behind him.",https://d8j0ntlcm91z4.cloudfront.net/user_3EJ7eXPRDK8j3ZmKXW0B5KfoJTg/hf_20260613_130940_ccd3e805-e76c-4ef0-808a-743fe70879aa.png
127,09:39,09:45,127_09-39_09-45.png,"A man pointing at a round clock with a line splitting it in half, part-time.",https://d8j0ntlcm91z4.cloudfront.net/user_3EJ7eXPRDK8j3ZmKXW0B5KfoJTg/hf_20260613_130942_c2038a28-ecde-455d-9a9f-558392e80a41.png
128,09:45,09:58,128_09-45_09-58.png,"A man holding a steaming coffee cup, wearing a simple apron, barista style.",https://d8j0ntlcm91z4.cloudfront.net/user_3EJ7eXPRDK8j3ZmKXW0B5KfoJTg/hf_20260613_130944_dcc453e0-7819-47c1-a7ca-90850296ac77.png
129,09:58,10:01,129_09-58_10-01.png,"A man standing in front of three different doors, considering options.",https://d8j0ntlcm91z4.cloudfront.net/user_3EJ7eXPRDK8j3ZmKXW0B5KfoJTg/hf_20260613_130946_8d163bac-75a2-4dda-9660-958503121b92.png
130,10:01,10:12,130_10-01_10-12.png,"A man with arms spread wide feeling free as a heavy weight floats up off his shoulders.",https://d8j0ntlcm91z4.cloudfront.net/user_3EJ7eXPRDK8j3ZmKXW0B5KfoJTg/hf_20260613_130948_a5b7dae4-74be-4754-86db-2461bc2247e1.png
131,10:12,10:19,131_10-12_10-19.png,"A man pointing at two labeled file folders standing upright.",https://d8j0ntlcm91z4.cloudfront.net/user_3EJ7eXPRDK8j3ZmKXW0B5KfoJTg/hf_20260613_130950_3b6a640c-4545-4042-bbd6-91f33ae9af57.png
132,10:19,10:32,132_10-19_10-32.png,"A man holding a shield with wobbly text '401k / ROTH IRA' on it.",https://d8j0ntlcm91z4.cloudfront.net/user_3EJ7eXPRDK8j3ZmKXW0B5KfoJTg/hf_20260613_130952_bdfae3fb-2288-470c-8b35-6af74f537c03.png
133,10:32,10:40,133_10-32_10-40.png,"A man pointing at huge wobbly hand-drawn text 'ROTH IRA = TAX FREE'.",https://d8j0ntlcm91z4.cloudfront.net/user_3EJ7eXPRDK8j3ZmKXW0B5KfoJTg/hf_20260613_131010_7568c3fc-ed40-4844-a58b-28e402b9a6c5.png
134,10:40,10:54,134_10-40_10-54.png,"A man pointing at wobbly text 'BEFORE 59 1/2' beside a small bank building box.",https://d8j0ntlcm91z4.cloudfront.net/user_3EJ7eXPRDK8j3ZmKXW0B5KfoJTg/hf_20260613_131013_21f1c0af-7814-49eb-bc33-4fa4d20a0b06.png
135,10:54,11:06,135_10-54_11-06.png,"The bearded man in a grey blazer shaking hands across a small desk with a second simple stick figure financial planner.",https://d8j0ntlcm91z4.cloudfront.net/user_3EJ7eXPRDK8j3ZmKXW0B5KfoJTg/hf_20260613_131014_30e5d33f-c438-4e36-b83c-018973cb09f5.png
136,11:06,11:10,136_11-06_11-10.png,"A man pointing at a big empty picture frame on a stand.",https://d8j0ntlcm91z4.cloudfront.net/user_3EJ7eXPRDK8j3ZmKXW0B5KfoJTg/hf_20260613_131016_19566bbd-476a-4516-9b5e-14c6f9241410.png
137,11:10,11:21,137_11-10_11-21.png,"A man tiredly shoveling coins into a deep hole, with a sweat drop on his head.",https://d8j0ntlcm91z4.cloudfront.net/user_3EJ7eXPRDK8j3ZmKXW0B5KfoJTg/hf_20260613_131018_1e0c3f97-e6fc-415e-a29a-e47a33fc15aa.png
138,11:21,11:25,138_11-21_11-25.png,"A man pointing at huge wobbly hand-drawn text 'TRADITIONAL'.",https://d8j0ntlcm91z4.cloudfront.net/user_3EJ7eXPRDK8j3ZmKXW0B5KfoJTg/hf_20260613_131020_8dff96dc-1b28-44d7-9d05-11b6a02eda9d.png
139,11:26,11:28,139_11-26_11-28.png,"A man doing a handstand upside down, flipped over.",https://d8j0ntlcm91z4.cloudfront.net/user_3EJ7eXPRDK8j3ZmKXW0B5KfoJTg/hf_20260613_131022_b8a00b3b-10ba-4914-8630-848be4db414b.png
140,11:28,11:33,140_11-28_11-33.png,"A man pointing at a long horizontal timeline with one short shaded highlighted section near the start.",https://d8j0ntlcm91z4.cloudfront.net/user_3EJ7eXPRDK8j3ZmKXW0B5KfoJTg/hf_20260613_131023_5509bcc1-ccfd-44c5-afb9-d4e7da330306.png
141,11:33,11:41,141_11-33_11-41.png,"A man riding on top of a big upward arrow like a rocket, gliding forward.",https://d8j0ntlcm91z4.cloudfront.net/user_3EJ7eXPRDK8j3ZmKXW0B5KfoJTg/hf_20260613_131039_ca53abfb-7767-45c4-8df2-ee329655c965.png
142,11:41,11:50,142_11-41_11-50.png,"A man floating peacefully in the air with eyes closed and a calm smile, little floaty marks around him.",https://d8j0ntlcm91z4.cloudfront.net/user_3EJ7eXPRDK8j3ZmKXW0B5KfoJTg/hf_20260613_131042_b24bcb53-5f48-4c98-aba1-af98abce63ef.png
143,11:50,11:52,143_11-50_11-52.png,"A man thinking with several little gears floating above his head.",https://d8j0ntlcm91z4.cloudfront.net/user_3EJ7eXPRDK8j3ZmKXW0B5KfoJTg/hf_20260613_131043_2ff574c6-20ea-452d-8a4d-c1ce90bb93f5.png
144,11:53,11:59,144_11-53_11-59.png,"A man running toward a checkered finish line flag.",https://d8j0ntlcm91z4.cloudfront.net/user_3EJ7eXPRDK8j3ZmKXW0B5KfoJTg/hf_20260613_131045_05e89c6c-f8e0-4670-9bd1-0f4da8609f9d.png
145,11:59,12:03,145_11-59_12-03.png,"A man breaking through a finish line ribbon with arms up, celebrating.",https://d8j0ntlcm91z4.cloudfront.net/user_3EJ7eXPRDK8j3ZmKXW0B5KfoJTg/hf_20260613_131047_b2cd9676-01b8-4e16-b74a-14bcc40ff007.png
146,12:03,12:06,146_12-03_12-06.png,"A man standing at a forked crossroads with two arrow signs pointing different ways.",https://d8j0ntlcm91z4.cloudfront.net/user_3EJ7eXPRDK8j3ZmKXW0B5KfoJTg/hf_20260613_131049_b1af624b-1962-4f7d-bc0c-605816d5fee0.png
147,12:06,12:10,147_12-06_12-10.png,"A man relaxing in a beach lounge chair under a small umbrella.",https://d8j0ntlcm91z4.cloudfront.net/user_3EJ7eXPRDK8j3ZmKXW0B5KfoJTg/hf_20260613_131051_e269ba38-e9e2-498a-b46b-b4c8bf262ae8.png
148,12:10,12:17,148_12-10_12-17.png,"A man holding a big heart shape with two tiny people figures beside him.",https://d8j0ntlcm91z4.cloudfront.net/user_3EJ7eXPRDK8j3ZmKXW0B5KfoJTg/hf_20260613_131053_6307f7b7-61dc-4e89-abed-f41c7529c798.png
149,12:17,12:23,149_12-17_12-23.png,"A man standing relaxed in front while a tall growing pile of coins rises behind him.",https://d8j0ntlcm91z4.cloudfront.net/user_3EJ7eXPRDK8j3ZmKXW0B5KfoJTg/hf_20260613_131109_0cba57e0-4840-4e44-83fc-f083ddde8a98.png
150,12:23,12:26,150_12-23_12-26.png,"A man beside several branching arrows splitting off in different directions.",https://d8j0ntlcm91z4.cloudfront.net/user_3EJ7eXPRDK8j3ZmKXW0B5KfoJTg/hf_20260613_131111_148283d6-3d74-4678-be9c-1e66d4f73182.png
151,12:26,12:32,151_12-26_12-32.png,"A man looking at a half-circle gauge meter with a needle, a question mark above his head.",https://d8j0ntlcm91z4.cloudfront.net/user_3EJ7eXPRDK8j3ZmKXW0B5KfoJTg/hf_20260613_131112_a23d2487-b521-43b7-95b6-b2d53c27cb59.png
152,12:32,12:39,152_12-32_12-39.png,"A man pointing at huge wobbly hand-drawn text '20s: $175/MO'.",https://d8j0ntlcm91z4.cloudfront.net/user_3EJ7eXPRDK8j3ZmKXW0B5KfoJTg/hf_20260613_131115_b08385d3-82f3-4721-994d-50ece583a0ca.png
153,12:39,12:47,153_12-39_12-47.png,"A man pointing at huge wobbly hand-drawn text '30s: $450-$900/MO'.",https://d8j0ntlcm91z4.cloudfront.net/user_3EJ7eXPRDK8j3ZmKXW0B5KfoJTg/hf_20260613_131117_0dd17ad3-10d9-4046-85e8-02907f6a543b.png
154,12:47,12:58,154_12-47_12-58.png,"A man pointing at huge wobbly hand-drawn text 'LATE 30s: $578-$1,200/MO'.",https://d8j0ntlcm91z4.cloudfront.net/user_3EJ7eXPRDK8j3ZmKXW0B5KfoJTg/hf_20260613_131118_2f2def69-a384-415a-9691-e7e7977608af.png
155,12:58,13:01,155_12-58_13-01.png,"A man beside wobbly text 'EXTREME INCOME' crossed out with a big black X.",https://d8j0ntlcm91z4.cloudfront.net/user_3EJ7eXPRDK8j3ZmKXW0B5KfoJTg/hf_20260613_131120_0299f1e4-0dc7-4946-9206-d0215cd41a7e.png
156,13:01,13:05,156_13-01_13-05.png,"A man pointing at a calendar grid filled with several little checkmarks.",https://d8j0ntlcm91z4.cloudfront.net/user_3EJ7eXPRDK8j3ZmKXW0B5KfoJTg/hf_20260613_131122_a0ff3808-672a-402b-b07e-0d809d38beb9.png
157,13:06,13:13,157_13-06_13-13.png,"A man pointing down at a rectangular comment box below him.",https://d8j0ntlcm91z4.cloudfront.net/user_3EJ7eXPRDK8j3ZmKXW0B5KfoJTg/hf_20260613_131137_25184c01-88cc-4c4c-a298-a56a1b09dd23.png
158,13:13,13:16,158_13-13_13-16.png,"A man gesturing toward a small group of tiny stick-figure people beside him.",https://d8j0ntlcm91z4.cloudfront.net/user_3EJ7eXPRDK8j3ZmKXW0B5KfoJTg/hf_20260613_131139_e747e010-d900-4fd4-b1c3-40eee738426a.png
159,13:18,13:25,159_13-18_13-25.png,"A man pointing at a big thumbs-up like button beside him.",https://d8j0ntlcm91z4.cloudfront.net/user_3EJ7eXPRDK8j3ZmKXW0B5KfoJTg/hf_20260613_131141_e3b5edc4-8da4-47f3-8e35-0df1f02e1748.png
160,13:25,13:33,160_13-25_13-33.png,"A man pointing at a big rectangular button with wobbly text 'SUBSCRIBE'.",https://d8j0ntlcm91z4.cloudfront.net/user_3EJ7eXPRDK8j3ZmKXW0B5KfoJTg/hf_20260613_131142_f864c145-e04b-4ab4-b869-eb30d9ea8acc.png
161,13:33,13:39,161_13-33_13-39.png,"A man holding a clipboard with a checklist of several ticked items.",https://d8j0ntlcm91z4.cloudfront.net/user_3EJ7eXPRDK8j3ZmKXW0B5KfoJTg/hf_20260613_131144_77842a87-e705-41dd-9e70-8cb5181b9519.png
162,13:40,13:44,162_13-40_13-44.png,"A man holding a wrench beside a small flame, fixing a fire plan.",https://d8j0ntlcm91z4.cloudfront.net/user_3EJ7eXPRDK8j3ZmKXW0B5KfoJTg/hf_20260613_131146_ddb92e74-fb71-4d98-a5e0-82db65b68d60.png
163,13:44,13:50,163_13-44_13-50.png,"A man waving goodbye with one raised hand and a big friendly smile.",https://d8j0ntlcm91z4.cloudfront.net/user_3EJ7eXPRDK8j3ZmKXW0B5KfoJTg/hf_20260613_131148_9f7a282c-627d-498c-8258-5cac74e88f55.png
