1	fa626a92-eea6-4363-82c0-3fb6f8d32b0d
2	f82c335d-208f-4d45-a77e-04695b0dfd2c
6	760ed513-ac6c-461e-ab48-f09fc06c2cd1
7	af82a972-7003-417b-90b3-9d83b3692c1a
9	01072f7b-53a5-4b02-a0ee-a9e4460497ac
11	144b731e-244e-48f0-a854-16e5a8920fdd
12	5e9867c0-de7e-4a30-be58-0c001befc4fc
14	1a574e43-d41d-4c86-9c17-9be414f13acf
20	c14c4a7c-8f0b-414c-9cf6-6e57d9d69bf3
23	fc0b4918-89f1-414a-931b-8ae26faea48a
27	d8df0204-85f0-446c-97e1-eab9a1f94b9a
29	37f34176-db91-4224-a52f-b97f4671004e
32	4936adca-659b-422e-98bc-ec62338cd1f9
34	7f8c8b71-86af-4a87-9be7-cce8328340f4
35	c3ffe018-ef2b-46ef-b351-dba037d03045
37	b37f9b42-dad1-40de-b75a-20471471ffe1
41	fbb2606a-b16e-458f-b0ef-8b3d0919cd7d
44	25f1ce55-b8bc-4026-bea0-1753a82f2315
46	288df9b4-a973-4013-a15f-8f35cda8ad6b
47	2c5fd7a3-5b1d-4428-9add-8db2499b4820
51	1b33bfe3-bdb5-4836-9079-c9c662b160ed
55	fe86ccc9-65d4-49c3-b74a-63ba7aa69bc7
56	7f263037-10fb-4117-9923-899516503eff
58	7151c6ae-73e5-4915-bf78-883da91b38ed
60	f9c9acee-27ad-4df2-9319-a2774f2b1c4f
61	0b136ca4-081f-42f8-8573-c44d6d60c473
64	fc474dc7-31b5-4c87-8e47-cb85baff7fdc
65	29850d33-2cfa-4ed1-9edb-8700f1602cb1
66	fd859cef-a199-4660-bd85-4d87cfd151a0
74	a19b2f51-8172-4a72-8e71-388a1f55e7e0
76	db5a744c-eb7a-4bd2-a328-885d7cf04793
77	95aab527-dcb6-4a7a-a6d1-629f07e0ca43
84	7d5ffe7e-df5f-4a5d-98df-727e650d1a70
88	65d7957f-8e90-4777-a9b6-79a000ef14ae
89	f2abf2b8-8b6b-4978-9959-05d65d3d3881
90	379f67bd-7379-46cf-8023-b322e1dfd615
91	e72bd14e-126b-4b83-8b04-7999d63f1001
92	ec2bb4c1-c2fa-4f26-905d-952bf3b027ee
93	7e7d0893-bcb4-47c3-8a04-de320fa0a6f7
96	86b3ee29-bc1a-448a-967c-b7b0b91cf2d4
